--------------------------------------------------------
--  파일이 생성됨 - 금요일-8월-26-2022   
--------------------------------------------------------
--------------------------------------------------------
--  DDL for Sequence SEQ_CONTENT_NO
--------------------------------------------------------

   CREATE SEQUENCE  "ADMIN"."SEQ_CONTENT_NO"  MINVALUE 1 MAXVALUE 9999999999999999999999999999 INCREMENT BY 1 START WITH 329 CACHE 20 NOORDER  NOCYCLE  NOKEEP  NOSCALE  GLOBAL ;
--------------------------------------------------------
--  DDL for Sequence SEQ_FBA_NO
--------------------------------------------------------

   CREATE SEQUENCE  "ADMIN"."SEQ_FBA_NO"  MINVALUE 1 MAXVALUE 9999999999999999999999999999 INCREMENT BY 1 START WITH 168 CACHE 20 NOORDER  NOCYCLE  NOKEEP  NOSCALE  GLOBAL ;
--------------------------------------------------------
--  DDL for Sequence SEQ_FBC_NO
--------------------------------------------------------

   CREATE SEQUENCE  "ADMIN"."SEQ_FBC_NO"  MINVALUE 1 MAXVALUE 9999999999999999999999999999 INCREMENT BY 1 START WITH 105 CACHE 20 NOORDER  NOCYCLE  NOKEEP  NOSCALE  GLOBAL ;
--------------------------------------------------------
--  DDL for Sequence SEQ_M_NO
--------------------------------------------------------

   CREATE SEQUENCE  "ADMIN"."SEQ_M_NO"  MINVALUE 1 MAXVALUE 9999999999999999999999999999 INCREMENT BY 1 START WITH 290 CACHE 20 NOORDER  NOCYCLE  NOKEEP  NOSCALE  GLOBAL ;
--------------------------------------------------------
--  DDL for Sequence SEQ_NBA_NO
--------------------------------------------------------

   CREATE SEQUENCE  "ADMIN"."SEQ_NBA_NO"  MINVALUE 1 MAXVALUE 9999999999999999999999999999 INCREMENT BY 1 START WITH 61 CACHE 20 NOORDER  NOCYCLE  NOKEEP  NOSCALE  GLOBAL ;
--------------------------------------------------------
--  DDL for Sequence SEQ_NB_NO
--------------------------------------------------------

   CREATE SEQUENCE  "ADMIN"."SEQ_NB_NO"  MINVALUE 1 MAXVALUE 9999999999999999999999999999 INCREMENT BY 1 START WITH 88 CACHE 20 NOORDER  NOCYCLE  NOKEEP  NOSCALE  GLOBAL ;
--------------------------------------------------------
--  DDL for Sequence SEQ_PBC_NO
--------------------------------------------------------

   CREATE SEQUENCE  "ADMIN"."SEQ_PBC_NO"  MINVALUE 1 MAXVALUE 9999999999999999999999999999 INCREMENT BY 1 START WITH 43 CACHE 20 NOORDER  NOCYCLE  NOKEEP  NOSCALE  GLOBAL ;
--------------------------------------------------------
--  DDL for Sequence SEQ_PBL_LOVE_NO
--------------------------------------------------------

   CREATE SEQUENCE  "ADMIN"."SEQ_PBL_LOVE_NO"  MINVALUE 1 MAXVALUE 9999999999999999999999999999 INCREMENT BY 1 START WITH 101 CACHE 20 NOORDER  NOCYCLE  NOKEEP  NOSCALE  GLOBAL ;
--------------------------------------------------------
--  DDL for Sequence SEQ_PB_NO
--------------------------------------------------------

   CREATE SEQUENCE  "ADMIN"."SEQ_PB_NO"  MINVALUE 1 MAXVALUE 9999999999999999999999999999 INCREMENT BY 1 START WITH 301 CACHE 20 NOORDER  NOCYCLE  NOKEEP  NOSCALE  GLOBAL ;
--------------------------------------------------------
--  DDL for Sequence SEQ_PF_NO
--------------------------------------------------------

   CREATE SEQUENCE  "ADMIN"."SEQ_PF_NO"  MINVALUE 1 MAXVALUE 9999999999999999999999999999 INCREMENT BY 1 START WITH 84 CACHE 20 NOORDER  NOCYCLE  NOKEEP  NOSCALE  GLOBAL ;
--------------------------------------------------------
--  DDL for Sequence SEQ_PP_NO
--------------------------------------------------------

   CREATE SEQUENCE  "ADMIN"."SEQ_PP_NO"  MINVALUE 1 MAXVALUE 9999999999999999999999999999 INCREMENT BY 1 START WITH 35368 CACHE 20 NOORDER  NOCYCLE  NOKEEP  NOSCALE  GLOBAL ;
--------------------------------------------------------
--  DDL for Sequence SEQ_P_NO
--------------------------------------------------------

   CREATE SEQUENCE  "ADMIN"."SEQ_P_NO"  MINVALUE 1 MAXVALUE 9999999999999999999999999999 INCREMENT BY 1 START WITH 487 CACHE 20 NOORDER  NOCYCLE  NOKEEP  NOSCALE  GLOBAL ;
--------------------------------------------------------
--  DDL for Sequence SEQ_RBA_NO
--------------------------------------------------------

   CREATE SEQUENCE  "ADMIN"."SEQ_RBA_NO"  MINVALUE 1 MAXVALUE 9999999999999999999999999999 INCREMENT BY 1 START WITH 101 CACHE 20 NOORDER  NOCYCLE  NOKEEP  NOSCALE  GLOBAL ;
--------------------------------------------------------
--  DDL for Sequence SEQ_RBC_NO
--------------------------------------------------------

   CREATE SEQUENCE  "ADMIN"."SEQ_RBC_NO"  MINVALUE 1 MAXVALUE 9999999999999999999999999999 INCREMENT BY 1 START WITH 61 CACHE 20 NOORDER  NOCYCLE  NOKEEP  NOSCALE  GLOBAL ;
--------------------------------------------------------
--  DDL for Sequence SEQ_RBL_LOVE_NO
--------------------------------------------------------

   CREATE SEQUENCE  "ADMIN"."SEQ_RBL_LOVE_NO"  MINVALUE 1 MAXVALUE 9999999999999999999999999999 INCREMENT BY 1 START WITH 144 CACHE 20 NOORDER  NOCYCLE  NOKEEP  NOSCALE  GLOBAL ;
--------------------------------------------------------
--  DDL for Sequence SEQ_RB_NO
--------------------------------------------------------

   CREATE SEQUENCE  "ADMIN"."SEQ_RB_NO"  MINVALUE 1 MAXVALUE 9999999999999999999999999999 INCREMENT BY 1 START WITH 101 CACHE 20 NOORDER  NOCYCLE  NOKEEP  NOSCALE  GLOBAL ;
--------------------------------------------------------
--  DDL for Table PERSISTENT_LOGINS
--------------------------------------------------------

  CREATE TABLE "ADMIN"."PERSISTENT_LOGINS" 
   (	"USERNAME" VARCHAR2(64 BYTE) COLLATE "USING_NLS_COMP", 
	"SERIES" VARCHAR2(64 BYTE) COLLATE "USING_NLS_COMP", 
	"TOKEN" VARCHAR2(64 BYTE) COLLATE "USING_NLS_COMP", 
	"LAST_USED" TIMESTAMP (6)
   )  DEFAULT COLLATION "USING_NLS_COMP" SEGMENT CREATION IMMEDIATE 
  PCTFREE 10 PCTUSED 40 INITRANS 10 MAXTRANS 255 
 NOCOMPRESS LOGGING
  STORAGE(INITIAL 65536 NEXT 1048576 MINEXTENTS 1 MAXEXTENTS 2147483645
  PCTINCREASE 0 FREELISTS 1 FREELIST GROUPS 1
  BUFFER_POOL DEFAULT FLASH_CACHE DEFAULT CELL_FLASH_CACHE DEFAULT)
  TABLESPACE "DATA" ;
--------------------------------------------------------
--  DDL for Table TMI_CHAT_CONTENT
--------------------------------------------------------

  CREATE TABLE "ADMIN"."TMI_CHAT_CONTENT" 
   (	"CONTENT_NO" NUMBER, 
	"CHATROOM_ID" VARCHAR2(50 BYTE) COLLATE "USING_NLS_COMP", 
	"SEND_EMAIL" VARCHAR2(256 BYTE) COLLATE "USING_NLS_COMP", 
	"RECEIVE_EMAIL" VARCHAR2(256 BYTE) COLLATE "USING_NLS_COMP", 
	"MESSAGE_CONTENT" VARCHAR2(4000 BYTE) COLLATE "USING_NLS_COMP", 
	"MESSAGE_TIME" DATE DEFAULT sysdate
   )  DEFAULT COLLATION "USING_NLS_COMP" SEGMENT CREATION IMMEDIATE 
  PCTFREE 10 PCTUSED 40 INITRANS 10 MAXTRANS 255 
 NOCOMPRESS LOGGING
  STORAGE(INITIAL 65536 NEXT 1048576 MINEXTENTS 1 MAXEXTENTS 2147483645
  PCTINCREASE 0 FREELISTS 1 FREELIST GROUPS 1
  BUFFER_POOL DEFAULT FLASH_CACHE DEFAULT CELL_FLASH_CACHE DEFAULT)
  TABLESPACE "DATA" ;
--------------------------------------------------------
--  DDL for Table TMI_CHAT_ROOM
--------------------------------------------------------

  CREATE TABLE "ADMIN"."TMI_CHAT_ROOM" 
   (	"CHATROOM_ID" VARCHAR2(50 BYTE) COLLATE "USING_NLS_COMP", 
	"SEND_EMAIL" VARCHAR2(256 BYTE) COLLATE "USING_NLS_COMP", 
	"RECEIVE_EMAIL" VARCHAR2(256 BYTE) COLLATE "USING_NLS_COMP", 
	"LAST_CHECK" NUMBER DEFAULT 0, 
	"CREATED_AT" DATE DEFAULT sysdate, 
	"DELETED_AT" DATE
   )  DEFAULT COLLATION "USING_NLS_COMP" SEGMENT CREATION IMMEDIATE 
  PCTFREE 10 PCTUSED 40 INITRANS 10 MAXTRANS 255 
 NOCOMPRESS LOGGING
  STORAGE(INITIAL 65536 NEXT 1048576 MINEXTENTS 1 MAXEXTENTS 2147483645
  PCTINCREASE 0 FREELISTS 1 FREELIST GROUPS 1
  BUFFER_POOL DEFAULT FLASH_CACHE DEFAULT CELL_FLASH_CACHE DEFAULT)
  TABLESPACE "DATA" ;
--------------------------------------------------------
--  DDL for Table TMI_FRIEND_BOARD
--------------------------------------------------------

  CREATE TABLE "ADMIN"."TMI_FRIEND_BOARD" 
   (	"FB_NO" NUMBER, 
	"FB_P_NO" NUMBER DEFAULT null, 
	"FB_M_EMAIL" VARCHAR2(256 BYTE) COLLATE "USING_NLS_COMP", 
	"FB_TITLE" VARCHAR2(256 BYTE) COLLATE "USING_NLS_COMP", 
	"FB_CREATED_AT" DATE DEFAULT sysdate, 
	"FB_UPDATED_AT" DATE DEFAULT sysdate, 
	"FB_READ_COUNT" NUMBER DEFAULT 0, 
	"FB_CONTENT" CLOB COLLATE "USING_NLS_COMP"
   )  DEFAULT COLLATION "USING_NLS_COMP" SEGMENT CREATION IMMEDIATE 
  PCTFREE 10 PCTUSED 40 INITRANS 10 MAXTRANS 255 
 NOCOMPRESS LOGGING
  STORAGE(INITIAL 65536 NEXT 1048576 MINEXTENTS 1 MAXEXTENTS 2147483645
  PCTINCREASE 0 FREELISTS 1 FREELIST GROUPS 1
  BUFFER_POOL DEFAULT FLASH_CACHE DEFAULT CELL_FLASH_CACHE DEFAULT)
  TABLESPACE "DATA" 
 LOB ("FB_CONTENT") STORE AS SECUREFILE (
  TABLESPACE "DATA" ENABLE STORAGE IN ROW CHUNK 8192
  NOCACHE LOGGING  NOCOMPRESS  KEEP_DUPLICATES 
  STORAGE(INITIAL 106496 NEXT 1048576 MINEXTENTS 1 MAXEXTENTS 2147483645
  PCTINCREASE 0
  BUFFER_POOL DEFAULT FLASH_CACHE DEFAULT CELL_FLASH_CACHE DEFAULT)) ;
--------------------------------------------------------
--  DDL for Table TMI_FRIEND_BOARD_ATTACHMENT
--------------------------------------------------------

  CREATE TABLE "ADMIN"."TMI_FRIEND_BOARD_ATTACHMENT" 
   (	"FBA_NO" NUMBER, 
	"FBA_FB_NO" NUMBER, 
	"FBA_ORIGINAL_FILENAME" VARCHAR2(256 BYTE) COLLATE "USING_NLS_COMP", 
	"FBA_RENAMED_FILENAME" VARCHAR2(256 BYTE) COLLATE "USING_NLS_COMP", 
	"TBA_CREATED_AT" DATE DEFAULT sysdate
   )  DEFAULT COLLATION "USING_NLS_COMP" SEGMENT CREATION IMMEDIATE 
  PCTFREE 10 PCTUSED 40 INITRANS 10 MAXTRANS 255 
 NOCOMPRESS LOGGING
  STORAGE(INITIAL 65536 NEXT 1048576 MINEXTENTS 1 MAXEXTENTS 2147483645
  PCTINCREASE 0 FREELISTS 1 FREELIST GROUPS 1
  BUFFER_POOL DEFAULT FLASH_CACHE DEFAULT CELL_FLASH_CACHE DEFAULT)
  TABLESPACE "DATA" ;
--------------------------------------------------------
--  DDL for Table TMI_FRIEND_BOARD_COMMENT
--------------------------------------------------------

  CREATE TABLE "ADMIN"."TMI_FRIEND_BOARD_COMMENT" 
   (	"FBC_NO" NUMBER, 
	"FBC_M_EMAIL" VARCHAR2(256 BYTE) COLLATE "USING_NLS_COMP", 
	"FBC_FB_NO" NUMBER, 
	"FBC_CREATED_AT" DATE DEFAULT sysdate, 
	"FBC_CONTENT" VARCHAR2(1000 BYTE) COLLATE "USING_NLS_COMP"
   )  DEFAULT COLLATION "USING_NLS_COMP" SEGMENT CREATION IMMEDIATE 
  PCTFREE 10 PCTUSED 40 INITRANS 10 MAXTRANS 255 
 NOCOMPRESS LOGGING
  STORAGE(INITIAL 65536 NEXT 1048576 MINEXTENTS 1 MAXEXTENTS 2147483645
  PCTINCREASE 0 FREELISTS 1 FREELIST GROUPS 1
  BUFFER_POOL DEFAULT FLASH_CACHE DEFAULT CELL_FLASH_CACHE DEFAULT)
  TABLESPACE "DATA" ;
--------------------------------------------------------
--  DDL for Table TMI_MEMBER
--------------------------------------------------------

  CREATE TABLE "ADMIN"."TMI_MEMBER" 
   (	"M_NO" NUMBER, 
	"M_EMAIL" VARCHAR2(256 BYTE) COLLATE "USING_NLS_COMP", 
	"M_NICKNAME" VARCHAR2(256 BYTE) COLLATE "USING_NLS_COMP", 
	"M_PASSWORD" VARCHAR2(512 BYTE) COLLATE "USING_NLS_COMP", 
	"M_NAME" VARCHAR2(256 BYTE) COLLATE "USING_NLS_COMP", 
	"M_PHONE" CHAR(11 BYTE) COLLATE "USING_NLS_COMP", 
	"M_CREATED_AT" DATE DEFAULT sysdate
   )  DEFAULT COLLATION "USING_NLS_COMP" SEGMENT CREATION IMMEDIATE 
  PCTFREE 10 PCTUSED 40 INITRANS 10 MAXTRANS 255 
 NOCOMPRESS LOGGING
  STORAGE(INITIAL 65536 NEXT 1048576 MINEXTENTS 1 MAXEXTENTS 2147483645
  PCTINCREASE 0 FREELISTS 1 FREELIST GROUPS 1
  BUFFER_POOL DEFAULT FLASH_CACHE DEFAULT CELL_FLASH_CACHE DEFAULT)
  TABLESPACE "DATA" ;
--------------------------------------------------------
--  DDL for Table TMI_MEMBER_ROLE
--------------------------------------------------------

  CREATE TABLE "ADMIN"."TMI_MEMBER_ROLE" 
   (	"MR_AUTH" VARCHAR2(20 BYTE) COLLATE "USING_NLS_COMP", 
	"MR_M_EMAIL" VARCHAR2(256 BYTE) COLLATE "USING_NLS_COMP"
   )  DEFAULT COLLATION "USING_NLS_COMP" SEGMENT CREATION IMMEDIATE 
  PCTFREE 10 PCTUSED 40 INITRANS 10 MAXTRANS 255 
 NOCOMPRESS LOGGING
  STORAGE(INITIAL 65536 NEXT 1048576 MINEXTENTS 1 MAXEXTENTS 2147483645
  PCTINCREASE 0 FREELISTS 1 FREELIST GROUPS 1
  BUFFER_POOL DEFAULT FLASH_CACHE DEFAULT CELL_FLASH_CACHE DEFAULT)
  TABLESPACE "DATA" ;
--------------------------------------------------------
--  DDL for Table TMI_NOTICE_BOARD
--------------------------------------------------------

  CREATE TABLE "ADMIN"."TMI_NOTICE_BOARD" 
   (	"NB_NO" NUMBER, 
	"NB_M_EMAIL" VARCHAR2(256 BYTE) COLLATE "USING_NLS_COMP", 
	"NB_TITLE" VARCHAR2(2000 BYTE) COLLATE "USING_NLS_COMP", 
	"NB_CREATED_AT" DATE DEFAULT sysdate, 
	"NB_UPDATE_AT" DATE DEFAULT sysdate, 
	"NB_READ_COUNT" NUMBER DEFAULT 0, 
	"NB_CONTENT" CLOB COLLATE "USING_NLS_COMP"
   )  DEFAULT COLLATION "USING_NLS_COMP" SEGMENT CREATION IMMEDIATE 
  PCTFREE 10 PCTUSED 40 INITRANS 10 MAXTRANS 255 
 NOCOMPRESS LOGGING
  STORAGE(INITIAL 65536 NEXT 1048576 MINEXTENTS 1 MAXEXTENTS 2147483645
  PCTINCREASE 0 FREELISTS 1 FREELIST GROUPS 1
  BUFFER_POOL DEFAULT FLASH_CACHE DEFAULT CELL_FLASH_CACHE DEFAULT)
  TABLESPACE "DATA" 
 LOB ("NB_CONTENT") STORE AS SECUREFILE (
  TABLESPACE "DATA" ENABLE STORAGE IN ROW CHUNK 8192
  NOCACHE LOGGING  NOCOMPRESS  KEEP_DUPLICATES 
  STORAGE(INITIAL 106496 NEXT 1048576 MINEXTENTS 1 MAXEXTENTS 2147483645
  PCTINCREASE 0
  BUFFER_POOL DEFAULT FLASH_CACHE DEFAULT CELL_FLASH_CACHE DEFAULT)) ;
--------------------------------------------------------
--  DDL for Table TMI_NOTICE_BOARD_ATTACHMENT
--------------------------------------------------------

  CREATE TABLE "ADMIN"."TMI_NOTICE_BOARD_ATTACHMENT" 
   (	"NBA_NO" NUMBER, 
	"NBA_NB_NO" NUMBER, 
	"NBA_ORIGINAL_FILENAME" VARCHAR2(256 BYTE) COLLATE "USING_NLS_COMP", 
	"NBA_RENAMED_FILENAME" VARCHAR2(256 BYTE) COLLATE "USING_NLS_COMP", 
	"NBA_CREATED_AT" DATE DEFAULT sysdate
   )  DEFAULT COLLATION "USING_NLS_COMP" SEGMENT CREATION IMMEDIATE 
  PCTFREE 10 PCTUSED 40 INITRANS 10 MAXTRANS 255 
 NOCOMPRESS LOGGING
  STORAGE(INITIAL 65536 NEXT 1048576 MINEXTENTS 1 MAXEXTENTS 2147483645
  PCTINCREASE 0 FREELISTS 1 FREELIST GROUPS 1
  BUFFER_POOL DEFAULT FLASH_CACHE DEFAULT CELL_FLASH_CACHE DEFAULT)
  TABLESPACE "DATA" ;
--------------------------------------------------------
--  DDL for Table TMI_PLANNER
--------------------------------------------------------

  CREATE TABLE "ADMIN"."TMI_PLANNER" 
   (	"P_NO" NUMBER, 
	"P_M_EMAIL" VARCHAR2(256 BYTE) COLLATE "USING_NLS_COMP", 
	"P_TITLE" VARCHAR2(2000 BYTE) COLLATE "USING_NLS_COMP", 
	"P_EXPLAN" VARCHAR2(2000 BYTE) COLLATE "USING_NLS_COMP", 
	"P_LEAVE_DATE" DATE, 
	"P_RETURN_DATE" DATE, 
	"P_WRITE_DATE" DATE DEFAULT sysdate
   )  DEFAULT COLLATION "USING_NLS_COMP" SEGMENT CREATION IMMEDIATE 
  PCTFREE 10 PCTUSED 40 INITRANS 10 MAXTRANS 255 
 NOCOMPRESS LOGGING
  STORAGE(INITIAL 65536 NEXT 1048576 MINEXTENTS 1 MAXEXTENTS 2147483645
  PCTINCREASE 0 FREELISTS 1 FREELIST GROUPS 1
  BUFFER_POOL DEFAULT FLASH_CACHE DEFAULT CELL_FLASH_CACHE DEFAULT)
  TABLESPACE "DATA" ;
--------------------------------------------------------
--  DDL for Table TMI_PLANNER_BOARD
--------------------------------------------------------

  CREATE TABLE "ADMIN"."TMI_PLANNER_BOARD" 
   (	"PB_NO" NUMBER, 
	"PB_P_NO" NUMBER, 
	"PB_M_EMAIL" VARCHAR2(256 BYTE) COLLATE "USING_NLS_COMP", 
	"PB_TITLE" VARCHAR2(2000 BYTE) COLLATE "USING_NLS_COMP", 
	"PB_CREATED_AT" DATE DEFAULT sysdate, 
	"PB_UPDATED_AT" DATE DEFAULT sysdate, 
	"PB_READ_COUNT" NUMBER DEFAULT 0, 
	"PB_CONTENT" CLOB COLLATE "USING_NLS_COMP"
   )  DEFAULT COLLATION "USING_NLS_COMP" SEGMENT CREATION IMMEDIATE 
  PCTFREE 10 PCTUSED 40 INITRANS 10 MAXTRANS 255 
 NOCOMPRESS LOGGING
  STORAGE(INITIAL 65536 NEXT 1048576 MINEXTENTS 1 MAXEXTENTS 2147483645
  PCTINCREASE 0 FREELISTS 1 FREELIST GROUPS 1
  BUFFER_POOL DEFAULT FLASH_CACHE DEFAULT CELL_FLASH_CACHE DEFAULT)
  TABLESPACE "DATA" 
 LOB ("PB_CONTENT") STORE AS SECUREFILE (
  TABLESPACE "DATA" ENABLE STORAGE IN ROW CHUNK 8192
  NOCACHE LOGGING  NOCOMPRESS  KEEP_DUPLICATES 
  STORAGE(INITIAL 106496 NEXT 1048576 MINEXTENTS 1 MAXEXTENTS 2147483645
  PCTINCREASE 0
  BUFFER_POOL DEFAULT FLASH_CACHE DEFAULT CELL_FLASH_CACHE DEFAULT)) ;
--------------------------------------------------------
--  DDL for Table TMI_PLANNER_BOARD_COMMENT
--------------------------------------------------------

  CREATE TABLE "ADMIN"."TMI_PLANNER_BOARD_COMMENT" 
   (	"PBC_NO" NUMBER, 
	"PBC_PB_NO" NUMBER, 
	"PBC_M_EMAIL" VARCHAR2(256 BYTE) COLLATE "USING_NLS_COMP", 
	"PBC_CREATED_AT" DATE DEFAULT sysdate, 
	"PBC_CONTENT" VARCHAR2(256 BYTE) COLLATE "USING_NLS_COMP"
   )  DEFAULT COLLATION "USING_NLS_COMP" SEGMENT CREATION IMMEDIATE 
  PCTFREE 10 PCTUSED 40 INITRANS 10 MAXTRANS 255 
 NOCOMPRESS LOGGING
  STORAGE(INITIAL 65536 NEXT 1048576 MINEXTENTS 1 MAXEXTENTS 2147483645
  PCTINCREASE 0 FREELISTS 1 FREELIST GROUPS 1
  BUFFER_POOL DEFAULT FLASH_CACHE DEFAULT CELL_FLASH_CACHE DEFAULT)
  TABLESPACE "DATA" ;
--------------------------------------------------------
--  DDL for Table TMI_PLANNER_BOARD_LOVE
--------------------------------------------------------

  CREATE TABLE "ADMIN"."TMI_PLANNER_BOARD_LOVE" 
   (	"PBL_NO" NUMBER, 
	"PBL_M_EMAIL" VARCHAR2(256 BYTE) COLLATE "USING_NLS_COMP", 
	"PBL_PB_NO" NUMBER, 
	"PBL_TYPE" NUMBER DEFAULT '0'
   )  DEFAULT COLLATION "USING_NLS_COMP" SEGMENT CREATION IMMEDIATE 
  PCTFREE 10 PCTUSED 40 INITRANS 10 MAXTRANS 255 
 NOCOMPRESS LOGGING
  STORAGE(INITIAL 65536 NEXT 1048576 MINEXTENTS 1 MAXEXTENTS 2147483645
  PCTINCREASE 0 FREELISTS 1 FREELIST GROUPS 1
  BUFFER_POOL DEFAULT FLASH_CACHE DEFAULT CELL_FLASH_CACHE DEFAULT)
  TABLESPACE "DATA" ;
--------------------------------------------------------
--  DDL for Table TMI_PLANNER_PLAN
--------------------------------------------------------

  CREATE TABLE "ADMIN"."TMI_PLANNER_PLAN" 
   (	"PP_NO" NUMBER, 
	"PP_P_NO" NUMBER, 
	"PP_TIME" TIMESTAMP (6), 
	"PP_PLACE_NAME" VARCHAR2(2000 BYTE) COLLATE "USING_NLS_COMP", 
	"PP_MEMO" VARCHAR2(2000 BYTE) COLLATE "USING_NLS_COMP" DEFAULT null, 
	"PP_X" VARCHAR2(256 BYTE) COLLATE "USING_NLS_COMP", 
	"PP_Y" VARCHAR2(256 BYTE) COLLATE "USING_NLS_COMP", 
	"PP_DATE" DATE
   )  DEFAULT COLLATION "USING_NLS_COMP" SEGMENT CREATION IMMEDIATE 
  PCTFREE 10 PCTUSED 40 INITRANS 10 MAXTRANS 255 
 NOCOMPRESS LOGGING
  STORAGE(INITIAL 65536 NEXT 1048576 MINEXTENTS 1 MAXEXTENTS 2147483645
  PCTINCREASE 0 FREELISTS 1 FREELIST GROUPS 1
  BUFFER_POOL DEFAULT FLASH_CACHE DEFAULT CELL_FLASH_CACHE DEFAULT)
  TABLESPACE "DATA" ;
--------------------------------------------------------
--  DDL for Table TMI_REVIEW_BOARD
--------------------------------------------------------

  CREATE TABLE "ADMIN"."TMI_REVIEW_BOARD" 
   (	"RB_NO" NUMBER, 
	"RB_P_NO" NUMBER, 
	"RB_M_EMAIL" VARCHAR2(256 BYTE) COLLATE "USING_NLS_COMP", 
	"RB_TITLE" VARCHAR2(2000 BYTE) COLLATE "USING_NLS_COMP", 
	"RB_CREATED_AT" DATE DEFAULT sysdate, 
	"RB_UPDATED_AT" DATE DEFAULT sysdate, 
	"RB_READ_COUNT" NUMBER DEFAULT 0, 
	"RB_CONTENT" CLOB COLLATE "USING_NLS_COMP"
   )  DEFAULT COLLATION "USING_NLS_COMP" SEGMENT CREATION IMMEDIATE 
  PCTFREE 10 PCTUSED 40 INITRANS 10 MAXTRANS 255 
 NOCOMPRESS LOGGING
  STORAGE(INITIAL 65536 NEXT 1048576 MINEXTENTS 1 MAXEXTENTS 2147483645
  PCTINCREASE 0 FREELISTS 1 FREELIST GROUPS 1
  BUFFER_POOL DEFAULT FLASH_CACHE DEFAULT CELL_FLASH_CACHE DEFAULT)
  TABLESPACE "DATA" 
 LOB ("RB_CONTENT") STORE AS SECUREFILE (
  TABLESPACE "DATA" ENABLE STORAGE IN ROW CHUNK 8192
  NOCACHE LOGGING  NOCOMPRESS  KEEP_DUPLICATES 
  STORAGE(INITIAL 106496 NEXT 1048576 MINEXTENTS 1 MAXEXTENTS 2147483645
  PCTINCREASE 0
  BUFFER_POOL DEFAULT FLASH_CACHE DEFAULT CELL_FLASH_CACHE DEFAULT)) ;
--------------------------------------------------------
--  DDL for Table TMI_REVIEW_BOARD_ATTACHMENT
--------------------------------------------------------

  CREATE TABLE "ADMIN"."TMI_REVIEW_BOARD_ATTACHMENT" 
   (	"RBA_NO" NUMBER, 
	"RBA_RB_NO" NUMBER, 
	"RBA_ORIGINAL_FILENAME" VARCHAR2(256 BYTE) COLLATE "USING_NLS_COMP", 
	"RBA_RENAMED_FILENAME" VARCHAR2(256 BYTE) COLLATE "USING_NLS_COMP", 
	"RBA_CREATED_AT" DATE DEFAULT sysdate
   )  DEFAULT COLLATION "USING_NLS_COMP" SEGMENT CREATION IMMEDIATE 
  PCTFREE 10 PCTUSED 40 INITRANS 10 MAXTRANS 255 
 NOCOMPRESS LOGGING
  STORAGE(INITIAL 65536 NEXT 1048576 MINEXTENTS 1 MAXEXTENTS 2147483645
  PCTINCREASE 0 FREELISTS 1 FREELIST GROUPS 1
  BUFFER_POOL DEFAULT FLASH_CACHE DEFAULT CELL_FLASH_CACHE DEFAULT)
  TABLESPACE "DATA" ;
--------------------------------------------------------
--  DDL for Table TMI_REVIEW_BOARD_COMMENT
--------------------------------------------------------

  CREATE TABLE "ADMIN"."TMI_REVIEW_BOARD_COMMENT" 
   (	"RBC_NO" NUMBER, 
	"RBC_RB_NO" NUMBER, 
	"RBC_M_EMAIL" VARCHAR2(256 BYTE) COLLATE "USING_NLS_COMP", 
	"RBC_CREATED_AT" DATE DEFAULT sysdate, 
	"RBC_CONTENT" VARCHAR2(1000 BYTE) COLLATE "USING_NLS_COMP"
   )  DEFAULT COLLATION "USING_NLS_COMP" SEGMENT CREATION IMMEDIATE 
  PCTFREE 10 PCTUSED 40 INITRANS 10 MAXTRANS 255 
 NOCOMPRESS LOGGING
  STORAGE(INITIAL 65536 NEXT 1048576 MINEXTENTS 1 MAXEXTENTS 2147483645
  PCTINCREASE 0 FREELISTS 1 FREELIST GROUPS 1
  BUFFER_POOL DEFAULT FLASH_CACHE DEFAULT CELL_FLASH_CACHE DEFAULT)
  TABLESPACE "DATA" ;
--------------------------------------------------------
--  DDL for Table TMI_REVIEW_BOARD_LOVE
--------------------------------------------------------

  CREATE TABLE "ADMIN"."TMI_REVIEW_BOARD_LOVE" 
   (	"RBL_NO" NUMBER, 
	"RBL_RB_NO" NUMBER, 
	"RBL_M_EMAIL" VARCHAR2(256 BYTE) COLLATE "USING_NLS_COMP", 
	"RBL_TYPE" NUMBER DEFAULT 0
   )  DEFAULT COLLATION "USING_NLS_COMP" SEGMENT CREATION IMMEDIATE 
  PCTFREE 10 PCTUSED 40 INITRANS 10 MAXTRANS 255 
 NOCOMPRESS LOGGING
  STORAGE(INITIAL 65536 NEXT 1048576 MINEXTENTS 1 MAXEXTENTS 2147483645
  PCTINCREASE 0 FREELISTS 1 FREELIST GROUPS 1
  BUFFER_POOL DEFAULT FLASH_CACHE DEFAULT CELL_FLASH_CACHE DEFAULT)
  TABLESPACE "DATA" ;
REM INSERTING into ADMIN.PERSISTENT_LOGINS
SET DEFINE OFF;
Insert into ADMIN.PERSISTENT_LOGINS (USERNAME,SERIES,TOKEN,LAST_USED) values ('tour@gmail.com','ZxU9m/y0tYfdtK1EjRlwXw==','sOHA3HWWesNq2AqTCA4iZg==',to_timestamp('22/08/19 12:15:06.654000000','RR/MM/DD HH24:MI:SSXFF'));
REM INSERTING into ADMIN.TMI_CHAT_CONTENT
SET DEFINE OFF;
Insert into ADMIN.TMI_CHAT_CONTENT (CONTENT_NO,CHATROOM_ID,SEND_EMAIL,RECEIVE_EMAIL,MESSAGE_CONTENT,MESSAGE_TIME) values (65,'gecJ382r','ys1234@naver.com','honggd@naver.com','zzzz',to_date('22/08/19','RR/MM/DD'));
Insert into ADMIN.TMI_CHAT_CONTENT (CONTENT_NO,CHATROOM_ID,SEND_EMAIL,RECEIVE_EMAIL,MESSAGE_CONTENT,MESSAGE_TIME) values (124,'gecJ382r','honggd@naver.com','ys1234@naver.com','ㅋㅋ',to_date('22/08/20','RR/MM/DD'));
Insert into ADMIN.TMI_CHAT_CONTENT (CONTENT_NO,CHATROOM_ID,SEND_EMAIL,RECEIVE_EMAIL,MESSAGE_CONTENT,MESSAGE_TIME) values (114,'gecJ382r','honggd@naver.com','ys1234@naver.com','ㅋㅋㅋㅋㅋ',to_date('22/08/20','RR/MM/DD'));
Insert into ADMIN.TMI_CHAT_CONTENT (CONTENT_NO,CHATROOM_ID,SEND_EMAIL,RECEIVE_EMAIL,MESSAGE_CONTENT,MESSAGE_TIME) values (115,'gecJ382r','honggd@naver.com','ys1234@naver.com','ㅁㄴㅇㅁㅇㅁㅇ',to_date('22/08/20','RR/MM/DD'));
Insert into ADMIN.TMI_CHAT_CONTENT (CONTENT_NO,CHATROOM_ID,SEND_EMAIL,RECEIVE_EMAIL,MESSAGE_CONTENT,MESSAGE_TIME) values (116,'440nICD9','honggd@naver.com','ks1234@naver.com','ㅇㅇㅇㅇ',to_date('22/08/20','RR/MM/DD'));
Insert into ADMIN.TMI_CHAT_CONTENT (CONTENT_NO,CHATROOM_ID,SEND_EMAIL,RECEIVE_EMAIL,MESSAGE_CONTENT,MESSAGE_TIME) values (117,'gecJ382r','honggd@naver.com','ys1234@naver.com','ㅁㄴㅇㅁㄴㅇ',to_date('22/08/20','RR/MM/DD'));
Insert into ADMIN.TMI_CHAT_CONTENT (CONTENT_NO,CHATROOM_ID,SEND_EMAIL,RECEIVE_EMAIL,MESSAGE_CONTENT,MESSAGE_TIME) values (122,'gecJ382r','honggd@naver.com','ys1234@naver.com','ㅋㅋㅋㅋㅋㅋㅋㅋㅋㅋㅋㅋ',to_date('22/08/20','RR/MM/DD'));
Insert into ADMIN.TMI_CHAT_CONTENT (CONTENT_NO,CHATROOM_ID,SEND_EMAIL,RECEIVE_EMAIL,MESSAGE_CONTENT,MESSAGE_TIME) values (123,'gecJ382r','honggd@naver.com','ys1234@naver.com','ㅋㅋㅋ',to_date('22/08/20','RR/MM/DD'));
Insert into ADMIN.TMI_CHAT_CONTENT (CONTENT_NO,CHATROOM_ID,SEND_EMAIL,RECEIVE_EMAIL,MESSAGE_CONTENT,MESSAGE_TIME) values (125,'440nICD9','honggd@naver.com','ks1234@naver.com','ㅋㅋ',to_date('22/08/20','RR/MM/DD'));
Insert into ADMIN.TMI_CHAT_CONTENT (CONTENT_NO,CHATROOM_ID,SEND_EMAIL,RECEIVE_EMAIL,MESSAGE_CONTENT,MESSAGE_TIME) values (126,'440nICD9','honggd@naver.com','ks1234@naver.com','ㅋㅋㅋㅋㅋㅋㅋㅋㅋㅋㅋㅋ',to_date('22/08/20','RR/MM/DD'));
Insert into ADMIN.TMI_CHAT_CONTENT (CONTENT_NO,CHATROOM_ID,SEND_EMAIL,RECEIVE_EMAIL,MESSAGE_CONTENT,MESSAGE_TIME) values (127,'440nICD9','honggd@naver.com','ks1234@naver.com','ㅋㅋㅋㅋㅋㅋㅋㅋㅋㅋㅋㅋㅋㅋㅋㅋㅋㅋㅋㅋㅋㅋ',to_date('22/08/20','RR/MM/DD'));
Insert into ADMIN.TMI_CHAT_CONTENT (CONTENT_NO,CHATROOM_ID,SEND_EMAIL,RECEIVE_EMAIL,MESSAGE_CONTENT,MESSAGE_TIME) values (128,'440nICD9','honggd@naver.com','ks1234@naver.com','ㅋㅋㅋ',to_date('22/08/20','RR/MM/DD'));
Insert into ADMIN.TMI_CHAT_CONTENT (CONTENT_NO,CHATROOM_ID,SEND_EMAIL,RECEIVE_EMAIL,MESSAGE_CONTENT,MESSAGE_TIME) values (129,'gecJ382r','honggd@naver.com','ys1234@naver.com','ㅋㅋ',to_date('22/08/20','RR/MM/DD'));
Insert into ADMIN.TMI_CHAT_CONTENT (CONTENT_NO,CHATROOM_ID,SEND_EMAIL,RECEIVE_EMAIL,MESSAGE_CONTENT,MESSAGE_TIME) values (130,'gecJ382r','honggd@naver.com','ys1234@naver.com','ㅋㅋㅋㅋ',to_date('22/08/20','RR/MM/DD'));
Insert into ADMIN.TMI_CHAT_CONTENT (CONTENT_NO,CHATROOM_ID,SEND_EMAIL,RECEIVE_EMAIL,MESSAGE_CONTENT,MESSAGE_TIME) values (133,'gecJ382r','honggd@naver.com','ys1234@naver.com','asdada',to_date('22/08/20','RR/MM/DD'));
Insert into ADMIN.TMI_CHAT_CONTENT (CONTENT_NO,CHATROOM_ID,SEND_EMAIL,RECEIVE_EMAIL,MESSAGE_CONTENT,MESSAGE_TIME) values (134,'gecJ382r','honggd@naver.com','ys1234@naver.com','asdadsada',to_date('22/08/20','RR/MM/DD'));
Insert into ADMIN.TMI_CHAT_CONTENT (CONTENT_NO,CHATROOM_ID,SEND_EMAIL,RECEIVE_EMAIL,MESSAGE_CONTENT,MESSAGE_TIME) values (136,'gecJ382r','honggd@naver.com','ys1234@naver.com','ㅁ',to_date('22/08/20','RR/MM/DD'));
Insert into ADMIN.TMI_CHAT_CONTENT (CONTENT_NO,CHATROOM_ID,SEND_EMAIL,RECEIVE_EMAIL,MESSAGE_CONTENT,MESSAGE_TIME) values (137,'gecJ382r','honggd@naver.com','ys1234@naver.com','ㅁㄴ',to_date('22/08/20','RR/MM/DD'));
Insert into ADMIN.TMI_CHAT_CONTENT (CONTENT_NO,CHATROOM_ID,SEND_EMAIL,RECEIVE_EMAIL,MESSAGE_CONTENT,MESSAGE_TIME) values (138,'gecJ382r','honggd@naver.com','ys1234@naver.com','ㄴㅇ',to_date('22/08/20','RR/MM/DD'));
Insert into ADMIN.TMI_CHAT_CONTENT (CONTENT_NO,CHATROOM_ID,SEND_EMAIL,RECEIVE_EMAIL,MESSAGE_CONTENT,MESSAGE_TIME) values (139,'gecJ382r','honggd@naver.com','ys1234@naver.com','ㅇㅁ',to_date('22/08/20','RR/MM/DD'));
Insert into ADMIN.TMI_CHAT_CONTENT (CONTENT_NO,CHATROOM_ID,SEND_EMAIL,RECEIVE_EMAIL,MESSAGE_CONTENT,MESSAGE_TIME) values (140,'gecJ382r','honggd@naver.com','ys1234@naver.com','ㅁㅇ',to_date('22/08/20','RR/MM/DD'));
Insert into ADMIN.TMI_CHAT_CONTENT (CONTENT_NO,CHATROOM_ID,SEND_EMAIL,RECEIVE_EMAIL,MESSAGE_CONTENT,MESSAGE_TIME) values (141,'gecJ382r','honggd@naver.com','ys1234@naver.com','ㅇㄴ',to_date('22/08/20','RR/MM/DD'));
Insert into ADMIN.TMI_CHAT_CONTENT (CONTENT_NO,CHATROOM_ID,SEND_EMAIL,RECEIVE_EMAIL,MESSAGE_CONTENT,MESSAGE_TIME) values (142,'gecJ382r','honggd@naver.com','ys1234@naver.com','ㄴㅁ',to_date('22/08/20','RR/MM/DD'));
Insert into ADMIN.TMI_CHAT_CONTENT (CONTENT_NO,CHATROOM_ID,SEND_EMAIL,RECEIVE_EMAIL,MESSAGE_CONTENT,MESSAGE_TIME) values (143,'gecJ382r','honggd@naver.com','ys1234@naver.com','ㅁㅇ',to_date('22/08/20','RR/MM/DD'));
Insert into ADMIN.TMI_CHAT_CONTENT (CONTENT_NO,CHATROOM_ID,SEND_EMAIL,RECEIVE_EMAIL,MESSAGE_CONTENT,MESSAGE_TIME) values (144,'gecJ382r','honggd@naver.com','ys1234@naver.com','ㅇㄴ',to_date('22/08/20','RR/MM/DD'));
Insert into ADMIN.TMI_CHAT_CONTENT (CONTENT_NO,CHATROOM_ID,SEND_EMAIL,RECEIVE_EMAIL,MESSAGE_CONTENT,MESSAGE_TIME) values (145,'gecJ382r','honggd@naver.com','ys1234@naver.com','ㄴㅇ',to_date('22/08/20','RR/MM/DD'));
Insert into ADMIN.TMI_CHAT_CONTENT (CONTENT_NO,CHATROOM_ID,SEND_EMAIL,RECEIVE_EMAIL,MESSAGE_CONTENT,MESSAGE_TIME) values (146,'gecJ382r','honggd@naver.com','ys1234@naver.com','ㅇㅁ',to_date('22/08/20','RR/MM/DD'));
Insert into ADMIN.TMI_CHAT_CONTENT (CONTENT_NO,CHATROOM_ID,SEND_EMAIL,RECEIVE_EMAIL,MESSAGE_CONTENT,MESSAGE_TIME) values (147,'gecJ382r','honggd@naver.com','ys1234@naver.com','ㅁㅁ',to_date('22/08/20','RR/MM/DD'));
Insert into ADMIN.TMI_CHAT_CONTENT (CONTENT_NO,CHATROOM_ID,SEND_EMAIL,RECEIVE_EMAIL,MESSAGE_CONTENT,MESSAGE_TIME) values (148,'440nICD9','honggd@naver.com','ks1234@naver.com','ㅋㅋㅋㅋㅋ',to_date('22/08/20','RR/MM/DD'));
Insert into ADMIN.TMI_CHAT_CONTENT (CONTENT_NO,CHATROOM_ID,SEND_EMAIL,RECEIVE_EMAIL,MESSAGE_CONTENT,MESSAGE_TIME) values (149,'440nICD9','honggd@naver.com','ks1234@naver.com','ㅋㅋㅋㅋ',to_date('22/08/20','RR/MM/DD'));
Insert into ADMIN.TMI_CHAT_CONTENT (CONTENT_NO,CHATROOM_ID,SEND_EMAIL,RECEIVE_EMAIL,MESSAGE_CONTENT,MESSAGE_TIME) values (150,'440nICD9','honggd@naver.com','ks1234@naver.com','ㅋㅋㅋㅋㅋ',to_date('22/08/20','RR/MM/DD'));
Insert into ADMIN.TMI_CHAT_CONTENT (CONTENT_NO,CHATROOM_ID,SEND_EMAIL,RECEIVE_EMAIL,MESSAGE_CONTENT,MESSAGE_TIME) values (151,'440nICD9','honggd@naver.com','ks1234@naver.com','ㅇㅁㄴㅇㄴㅁㅇㅁㄴ',to_date('22/08/20','RR/MM/DD'));
Insert into ADMIN.TMI_CHAT_CONTENT (CONTENT_NO,CHATROOM_ID,SEND_EMAIL,RECEIVE_EMAIL,MESSAGE_CONTENT,MESSAGE_TIME) values (152,'440nICD9','honggd@naver.com','ks1234@naver.com','ㄴㅁㅇㅁㄴㅇㄴㅁㅇㅁㄴㅇㅇㄴㅁ',to_date('22/08/20','RR/MM/DD'));
Insert into ADMIN.TMI_CHAT_CONTENT (CONTENT_NO,CHATROOM_ID,SEND_EMAIL,RECEIVE_EMAIL,MESSAGE_CONTENT,MESSAGE_TIME) values (153,'440nICD9','honggd@naver.com','ks1234@naver.com','ㅁㄴㅇㅁㄴㅇㄴㅁㅇㄴㅁㅁㄴㅇ',to_date('22/08/20','RR/MM/DD'));
Insert into ADMIN.TMI_CHAT_CONTENT (CONTENT_NO,CHATROOM_ID,SEND_EMAIL,RECEIVE_EMAIL,MESSAGE_CONTENT,MESSAGE_TIME) values (154,'440nICD9','honggd@naver.com','ks1234@naver.com','ㅋㅋㅋㅋ',to_date('22/08/20','RR/MM/DD'));
Insert into ADMIN.TMI_CHAT_CONTENT (CONTENT_NO,CHATROOM_ID,SEND_EMAIL,RECEIVE_EMAIL,MESSAGE_CONTENT,MESSAGE_TIME) values (155,'440nICD9','honggd@naver.com','ks1234@naver.com','ㅁㄴㅇㄴㅁㅇㄴㅁ',to_date('22/08/20','RR/MM/DD'));
Insert into ADMIN.TMI_CHAT_CONTENT (CONTENT_NO,CHATROOM_ID,SEND_EMAIL,RECEIVE_EMAIL,MESSAGE_CONTENT,MESSAGE_TIME) values (156,'440nICD9','honggd@naver.com','ks1234@naver.com','ㄴㄴㄴㄴ',to_date('22/08/20','RR/MM/DD'));
Insert into ADMIN.TMI_CHAT_CONTENT (CONTENT_NO,CHATROOM_ID,SEND_EMAIL,RECEIVE_EMAIL,MESSAGE_CONTENT,MESSAGE_TIME) values (157,'440nICD9','honggd@naver.com','ks1234@naver.com','아니',to_date('22/08/20','RR/MM/DD'));
Insert into ADMIN.TMI_CHAT_CONTENT (CONTENT_NO,CHATROOM_ID,SEND_EMAIL,RECEIVE_EMAIL,MESSAGE_CONTENT,MESSAGE_TIME) values (158,'440nICD9','honggd@naver.com','ks1234@naver.com','구우우웃',to_date('22/08/20','RR/MM/DD'));
Insert into ADMIN.TMI_CHAT_CONTENT (CONTENT_NO,CHATROOM_ID,SEND_EMAIL,RECEIVE_EMAIL,MESSAGE_CONTENT,MESSAGE_TIME) values (159,'440nICD9','honggd@naver.com','ks1234@naver.com','하아아아잇',to_date('22/08/20','RR/MM/DD'));
Insert into ADMIN.TMI_CHAT_CONTENT (CONTENT_NO,CHATROOM_ID,SEND_EMAIL,RECEIVE_EMAIL,MESSAGE_CONTENT,MESSAGE_TIME) values (160,'440nICD9','honggd@naver.com','ks1234@naver.com','좋아',to_date('22/08/20','RR/MM/DD'));
Insert into ADMIN.TMI_CHAT_CONTENT (CONTENT_NO,CHATROOM_ID,SEND_EMAIL,RECEIVE_EMAIL,MESSAGE_CONTENT,MESSAGE_TIME) values (161,'440nICD9','honggd@naver.com','ks1234@naver.com','굿굿',to_date('22/08/20','RR/MM/DD'));
Insert into ADMIN.TMI_CHAT_CONTENT (CONTENT_NO,CHATROOM_ID,SEND_EMAIL,RECEIVE_EMAIL,MESSAGE_CONTENT,MESSAGE_TIME) values (287,'47Xy0v00','ys1234@naver.com','ym1234@naver.com','ㅋㅋㅋㅋㅋㅋ',to_date('22/08/25','RR/MM/DD'));
Insert into ADMIN.TMI_CHAT_CONTENT (CONTENT_NO,CHATROOM_ID,SEND_EMAIL,RECEIVE_EMAIL,MESSAGE_CONTENT,MESSAGE_TIME) values (289,'47Xy0v00','ys1234@naver.com','ym1234@naver.com','ㅋㅋ',to_date('22/08/25','RR/MM/DD'));
Insert into ADMIN.TMI_CHAT_CONTENT (CONTENT_NO,CHATROOM_ID,SEND_EMAIL,RECEIVE_EMAIL,MESSAGE_CONTENT,MESSAGE_TIME) values (269,'gecJ382r','ys1234@naver.com','honggd@naver.com','zz',to_date('22/08/25','RR/MM/DD'));
Insert into ADMIN.TMI_CHAT_CONTENT (CONTENT_NO,CHATROOM_ID,SEND_EMAIL,RECEIVE_EMAIL,MESSAGE_CONTENT,MESSAGE_TIME) values (270,'gecJ382r','ys1234@naver.com','honggd@naver.com','di',to_date('22/08/25','RR/MM/DD'));
Insert into ADMIN.TMI_CHAT_CONTENT (CONTENT_NO,CHATROOM_ID,SEND_EMAIL,RECEIVE_EMAIL,MESSAGE_CONTENT,MESSAGE_TIME) values (273,'gecJ382r','honggd@naver.com','ys1234@naver.com','asdaqd',to_date('22/08/25','RR/MM/DD'));
Insert into ADMIN.TMI_CHAT_CONTENT (CONTENT_NO,CHATROOM_ID,SEND_EMAIL,RECEIVE_EMAIL,MESSAGE_CONTENT,MESSAGE_TIME) values (274,'gecJ382r','ys1234@naver.com','honggd@naver.com','asdsaa',to_date('22/08/25','RR/MM/DD'));
Insert into ADMIN.TMI_CHAT_CONTENT (CONTENT_NO,CHATROOM_ID,SEND_EMAIL,RECEIVE_EMAIL,MESSAGE_CONTENT,MESSAGE_TIME) values (275,'gecJ382r','honggd@naver.com','ys1234@naver.com','asdsads',to_date('22/08/25','RR/MM/DD'));
Insert into ADMIN.TMI_CHAT_CONTENT (CONTENT_NO,CHATROOM_ID,SEND_EMAIL,RECEIVE_EMAIL,MESSAGE_CONTENT,MESSAGE_TIME) values (276,'47Xy0v00','ys1234@naver.com','ym1234@naver.com','gd',to_date('22/08/25','RR/MM/DD'));
Insert into ADMIN.TMI_CHAT_CONTENT (CONTENT_NO,CHATROOM_ID,SEND_EMAIL,RECEIVE_EMAIL,MESSAGE_CONTENT,MESSAGE_TIME) values (277,'47Xy0v00','ys1234@naver.com','ym1234@naver.com','하이',to_date('22/08/25','RR/MM/DD'));
Insert into ADMIN.TMI_CHAT_CONTENT (CONTENT_NO,CHATROOM_ID,SEND_EMAIL,RECEIVE_EMAIL,MESSAGE_CONTENT,MESSAGE_TIME) values (279,'47Xy0v00','ys1234@naver.com','ym1234@naver.com','하이',to_date('22/08/25','RR/MM/DD'));
Insert into ADMIN.TMI_CHAT_CONTENT (CONTENT_NO,CHATROOM_ID,SEND_EMAIL,RECEIVE_EMAIL,MESSAGE_CONTENT,MESSAGE_TIME) values (281,'47Xy0v00','ys1234@naver.com','ym1234@naver.com','ㅁㅁㅁ',to_date('22/08/25','RR/MM/DD'));
Insert into ADMIN.TMI_CHAT_CONTENT (CONTENT_NO,CHATROOM_ID,SEND_EMAIL,RECEIVE_EMAIL,MESSAGE_CONTENT,MESSAGE_TIME) values (283,'47Xy0v00','ys1234@naver.com','ym1234@naver.com','ㄴㄴ',to_date('22/08/25','RR/MM/DD'));
Insert into ADMIN.TMI_CHAT_CONTENT (CONTENT_NO,CHATROOM_ID,SEND_EMAIL,RECEIVE_EMAIL,MESSAGE_CONTENT,MESSAGE_TIME) values (271,'gecJ382r','honggd@naver.com','ys1234@naver.com','ss',to_date('22/08/25','RR/MM/DD'));
Insert into ADMIN.TMI_CHAT_CONTENT (CONTENT_NO,CHATROOM_ID,SEND_EMAIL,RECEIVE_EMAIL,MESSAGE_CONTENT,MESSAGE_TIME) values (272,'gecJ382r','ys1234@naver.com','honggd@naver.com','asdasd',to_date('22/08/25','RR/MM/DD'));
Insert into ADMIN.TMI_CHAT_CONTENT (CONTENT_NO,CHATROOM_ID,SEND_EMAIL,RECEIVE_EMAIL,MESSAGE_CONTENT,MESSAGE_TIME) values (66,'gecJ382r','ys1234@naver.com','honggd@naver.com','야',to_date('22/08/19','RR/MM/DD'));
Insert into ADMIN.TMI_CHAT_CONTENT (CONTENT_NO,CHATROOM_ID,SEND_EMAIL,RECEIVE_EMAIL,MESSAGE_CONTENT,MESSAGE_TIME) values (67,'gecJ382r','honggd@naver.com','ys1234@naver.com','왜',to_date('22/08/19','RR/MM/DD'));
Insert into ADMIN.TMI_CHAT_CONTENT (CONTENT_NO,CHATROOM_ID,SEND_EMAIL,RECEIVE_EMAIL,MESSAGE_CONTENT,MESSAGE_TIME) values (68,'gecJ382r','ys1234@naver.com','honggd@naver.com','뭐냐',to_date('22/08/19','RR/MM/DD'));
Insert into ADMIN.TMI_CHAT_CONTENT (CONTENT_NO,CHATROOM_ID,SEND_EMAIL,RECEIVE_EMAIL,MESSAGE_CONTENT,MESSAGE_TIME) values (69,'gecJ382r','honggd@naver.com','ys1234@naver.com','ㅋㅋ',to_date('22/08/19','RR/MM/DD'));
Insert into ADMIN.TMI_CHAT_CONTENT (CONTENT_NO,CHATROOM_ID,SEND_EMAIL,RECEIVE_EMAIL,MESSAGE_CONTENT,MESSAGE_TIME) values (70,'gecJ382r','ys1234@naver.com','honggd@naver.com','ㅋㅋㅋㅋ',to_date('22/08/19','RR/MM/DD'));
Insert into ADMIN.TMI_CHAT_CONTENT (CONTENT_NO,CHATROOM_ID,SEND_EMAIL,RECEIVE_EMAIL,MESSAGE_CONTENT,MESSAGE_TIME) values (71,'gecJ382r','ys1234@naver.com','honggd@naver.com','ㅋㅋㅋㅋ',to_date('22/08/19','RR/MM/DD'));
Insert into ADMIN.TMI_CHAT_CONTENT (CONTENT_NO,CHATROOM_ID,SEND_EMAIL,RECEIVE_EMAIL,MESSAGE_CONTENT,MESSAGE_TIME) values (72,'gecJ382r','honggd@naver.com','ys1234@naver.com','ㅋㅋㅋㅋ',to_date('22/08/19','RR/MM/DD'));
Insert into ADMIN.TMI_CHAT_CONTENT (CONTENT_NO,CHATROOM_ID,SEND_EMAIL,RECEIVE_EMAIL,MESSAGE_CONTENT,MESSAGE_TIME) values (73,'gecJ382r','honggd@naver.com','ys1234@naver.com','ㅋㅋㅋ',to_date('22/08/19','RR/MM/DD'));
Insert into ADMIN.TMI_CHAT_CONTENT (CONTENT_NO,CHATROOM_ID,SEND_EMAIL,RECEIVE_EMAIL,MESSAGE_CONTENT,MESSAGE_TIME) values (74,'gecJ382r','honggd@naver.com','ys1234@naver.com','ㅋㅋㅋㅇㅋㅇㅋ',to_date('22/08/19','RR/MM/DD'));
Insert into ADMIN.TMI_CHAT_CONTENT (CONTENT_NO,CHATROOM_ID,SEND_EMAIL,RECEIVE_EMAIL,MESSAGE_CONTENT,MESSAGE_TIME) values (75,'gecJ382r','ys1234@naver.com','honggd@naver.com','뭔데',to_date('22/08/19','RR/MM/DD'));
Insert into ADMIN.TMI_CHAT_CONTENT (CONTENT_NO,CHATROOM_ID,SEND_EMAIL,RECEIVE_EMAIL,MESSAGE_CONTENT,MESSAGE_TIME) values (76,'gecJ382r','honggd@naver.com','ys1234@naver.com','ㅋㅋ',to_date('22/08/19','RR/MM/DD'));
Insert into ADMIN.TMI_CHAT_CONTENT (CONTENT_NO,CHATROOM_ID,SEND_EMAIL,RECEIVE_EMAIL,MESSAGE_CONTENT,MESSAGE_TIME) values (98,'gecJ382r','honggd@naver.com','ys1234@naver.com','ggzdzasddsasad',to_date('22/08/19','RR/MM/DD'));
Insert into ADMIN.TMI_CHAT_CONTENT (CONTENT_NO,CHATROOM_ID,SEND_EMAIL,RECEIVE_EMAIL,MESSAGE_CONTENT,MESSAGE_TIME) values (2,'gecJ382r','ys1234@naver.com','honggd@naver.com','sddss',to_date('22/08/19','RR/MM/DD'));
Insert into ADMIN.TMI_CHAT_CONTENT (CONTENT_NO,CHATROOM_ID,SEND_EMAIL,RECEIVE_EMAIL,MESSAGE_CONTENT,MESSAGE_TIME) values (3,'gecJ382r','ys1234@naver.com','honggd@naver.com','dsadasdsaadsasd',to_date('22/08/19','RR/MM/DD'));
Insert into ADMIN.TMI_CHAT_CONTENT (CONTENT_NO,CHATROOM_ID,SEND_EMAIL,RECEIVE_EMAIL,MESSAGE_CONTENT,MESSAGE_TIME) values (4,'gecJ382r','ys1234@naver.com','honggd@naver.com','하아ㅣㅣ아니암',to_date('22/08/19','RR/MM/DD'));
Insert into ADMIN.TMI_CHAT_CONTENT (CONTENT_NO,CHATROOM_ID,SEND_EMAIL,RECEIVE_EMAIL,MESSAGE_CONTENT,MESSAGE_TIME) values (5,'gecJ382r','ys1234@naver.com','honggd@naver.com','안녕',to_date('22/08/19','RR/MM/DD'));
Insert into ADMIN.TMI_CHAT_CONTENT (CONTENT_NO,CHATROOM_ID,SEND_EMAIL,RECEIVE_EMAIL,MESSAGE_CONTENT,MESSAGE_TIME) values (6,'gecJ382r','ys1234@naver.com','honggd@naver.com','ㄴㅇㅁㅇㄴ',to_date('22/08/19','RR/MM/DD'));
Insert into ADMIN.TMI_CHAT_CONTENT (CONTENT_NO,CHATROOM_ID,SEND_EMAIL,RECEIVE_EMAIL,MESSAGE_CONTENT,MESSAGE_TIME) values (14,'gecJ382r','ys1234@naver.com','honggd@naver.com','그럼이제 됌"?',to_date('22/08/19','RR/MM/DD'));
Insert into ADMIN.TMI_CHAT_CONTENT (CONTENT_NO,CHATROOM_ID,SEND_EMAIL,RECEIVE_EMAIL,MESSAGE_CONTENT,MESSAGE_TIME) values (15,'gecJ382r','ys1234@naver.com','honggd@naver.com','이렇게 보낼때',to_date('22/08/19','RR/MM/DD'));
Insert into ADMIN.TMI_CHAT_CONTENT (CONTENT_NO,CHATROOM_ID,SEND_EMAIL,RECEIVE_EMAIL,MESSAGE_CONTENT,MESSAGE_TIME) values (16,'gecJ382r','ys1234@naver.com','honggd@naver.com','ㅁㄹ',to_date('22/08/19','RR/MM/DD'));
Insert into ADMIN.TMI_CHAT_CONTENT (CONTENT_NO,CHATROOM_ID,SEND_EMAIL,RECEIVE_EMAIL,MESSAGE_CONTENT,MESSAGE_TIME) values (17,'gecJ382r','ys1234@naver.com','honggd@naver.com','ㅁㅋㅋㅋ',to_date('22/08/19','RR/MM/DD'));
Insert into ADMIN.TMI_CHAT_CONTENT (CONTENT_NO,CHATROOM_ID,SEND_EMAIL,RECEIVE_EMAIL,MESSAGE_CONTENT,MESSAGE_TIME) values (18,'gecJ382r','ys1234@naver.com','honggd@naver.com','ㅇㅇㅇ',to_date('22/08/19','RR/MM/DD'));
Insert into ADMIN.TMI_CHAT_CONTENT (CONTENT_NO,CHATROOM_ID,SEND_EMAIL,RECEIVE_EMAIL,MESSAGE_CONTENT,MESSAGE_TIME) values (24,'gecJ382r','ys1234@naver.com','honggd@naver.com','zzzzzzzzzzzzzz',to_date('22/08/19','RR/MM/DD'));
Insert into ADMIN.TMI_CHAT_CONTENT (CONTENT_NO,CHATROOM_ID,SEND_EMAIL,RECEIVE_EMAIL,MESSAGE_CONTENT,MESSAGE_TIME) values (26,'gecJ382r','ys1234@naver.com','honggd@naver.com','zzz',to_date('22/08/19','RR/MM/DD'));
Insert into ADMIN.TMI_CHAT_CONTENT (CONTENT_NO,CHATROOM_ID,SEND_EMAIL,RECEIVE_EMAIL,MESSAGE_CONTENT,MESSAGE_TIME) values (29,'gecJ382r','ys1234@naver.com','honggd@naver.com','zzz',to_date('22/08/19','RR/MM/DD'));
Insert into ADMIN.TMI_CHAT_CONTENT (CONTENT_NO,CHATROOM_ID,SEND_EMAIL,RECEIVE_EMAIL,MESSAGE_CONTENT,MESSAGE_TIME) values (31,'gecJ382r','ys1234@naver.com','honggd@naver.com','zzzzz',to_date('22/08/19','RR/MM/DD'));
Insert into ADMIN.TMI_CHAT_CONTENT (CONTENT_NO,CHATROOM_ID,SEND_EMAIL,RECEIVE_EMAIL,MESSAGE_CONTENT,MESSAGE_TIME) values (32,'gecJ382r','ys1234@naver.com','honggd@naver.com','왜 바로바로 출력이 안돼는거야',to_date('22/08/19','RR/MM/DD'));
REM INSERTING into ADMIN.TMI_CHAT_ROOM
SET DEFINE OFF;
Insert into ADMIN.TMI_CHAT_ROOM (CHATROOM_ID,SEND_EMAIL,RECEIVE_EMAIL,LAST_CHECK,CREATED_AT,DELETED_AT) values ('gecJ382r','ys1234@naver.com','honggd@naver.com',0,to_date('22/08/18','RR/MM/DD'),null);
Insert into ADMIN.TMI_CHAT_ROOM (CHATROOM_ID,SEND_EMAIL,RECEIVE_EMAIL,LAST_CHECK,CREATED_AT,DELETED_AT) values ('440nICD9','honggd@naver.com','ks1234@naver.com',0,to_date('22/08/19','RR/MM/DD'),null);
Insert into ADMIN.TMI_CHAT_ROOM (CHATROOM_ID,SEND_EMAIL,RECEIVE_EMAIL,LAST_CHECK,CREATED_AT,DELETED_AT) values ('47Xy0v00','ys1234@naver.com','ym1234@naver.com',0,to_date('22/08/25','RR/MM/DD'),null);
REM INSERTING into ADMIN.TMI_FRIEND_BOARD
SET DEFINE OFF;
Insert into ADMIN.TMI_FRIEND_BOARD (FB_NO,FB_P_NO,FB_M_EMAIL,FB_TITLE,FB_CREATED_AT,FB_UPDATED_AT,FB_READ_COUNT) values (261,0,'ym1234@naver.com','zz',to_date('22/08/20','RR/MM/DD'),to_date('22/08/20','RR/MM/DD'),4);
Insert into ADMIN.TMI_FRIEND_BOARD (FB_NO,FB_P_NO,FB_M_EMAIL,FB_TITLE,FB_CREATED_AT,FB_UPDATED_AT,FB_READ_COUNT) values (283,0,'honggd@naver.com','ㅁㄴㅇ',to_date('22/08/24','RR/MM/DD'),to_date('22/08/25','RR/MM/DD'),4);
Insert into ADMIN.TMI_FRIEND_BOARD (FB_NO,FB_P_NO,FB_M_EMAIL,FB_TITLE,FB_CREATED_AT,FB_UPDATED_AT,FB_READ_COUNT) values (224,0,'honggd@naver.com','asd',to_date('22/08/19','RR/MM/DD'),to_date('22/08/19','RR/MM/DD'),5);
Insert into ADMIN.TMI_FRIEND_BOARD (FB_NO,FB_P_NO,FB_M_EMAIL,FB_TITLE,FB_CREATED_AT,FB_UPDATED_AT,FB_READ_COUNT) values (281,0,'ym1234@naver.com','zdz',to_date('22/08/24','RR/MM/DD'),to_date('22/08/25','RR/MM/DD'),3);
Insert into ADMIN.TMI_FRIEND_BOARD (FB_NO,FB_P_NO,FB_M_EMAIL,FB_TITLE,FB_CREATED_AT,FB_UPDATED_AT,FB_READ_COUNT) values (226,0,'ks1234@naver.com','123',to_date('22/08/19','RR/MM/DD'),to_date('22/08/19','RR/MM/DD'),3);
Insert into ADMIN.TMI_FRIEND_BOARD (FB_NO,FB_P_NO,FB_M_EMAIL,FB_TITLE,FB_CREATED_AT,FB_UPDATED_AT,FB_READ_COUNT) values (227,0,'ks1234@naver.com','프랜드',to_date('22/08/19','RR/MM/DD'),to_date('22/08/19','RR/MM/DD'),6);
Insert into ADMIN.TMI_FRIEND_BOARD (FB_NO,FB_P_NO,FB_M_EMAIL,FB_TITLE,FB_CREATED_AT,FB_UPDATED_AT,FB_READ_COUNT) values (262,272,'ym1234@naver.com','zz',to_date('22/08/20','RR/MM/DD'),to_date('22/08/20','RR/MM/DD'),2);
Insert into ADMIN.TMI_FRIEND_BOARD (FB_NO,FB_P_NO,FB_M_EMAIL,FB_TITLE,FB_CREATED_AT,FB_UPDATED_AT,FB_READ_COUNT) values (267,0,'ym1234@naver.com','1',to_date('22/08/20','RR/MM/DD'),to_date('22/08/25','RR/MM/DD'),9);
Insert into ADMIN.TMI_FRIEND_BOARD (FB_NO,FB_P_NO,FB_M_EMAIL,FB_TITLE,FB_CREATED_AT,FB_UPDATED_AT,FB_READ_COUNT) values (265,0,'ym1234@naver.com','2',to_date('22/08/20','RR/MM/DD'),to_date('22/08/20','RR/MM/DD'),4);
Insert into ADMIN.TMI_FRIEND_BOARD (FB_NO,FB_P_NO,FB_M_EMAIL,FB_TITLE,FB_CREATED_AT,FB_UPDATED_AT,FB_READ_COUNT) values (264,0,'ym1234@naver.com','1',to_date('22/08/20','RR/MM/DD'),to_date('22/08/20','RR/MM/DD'),1);
Insert into ADMIN.TMI_FRIEND_BOARD (FB_NO,FB_P_NO,FB_M_EMAIL,FB_TITLE,FB_CREATED_AT,FB_UPDATED_AT,FB_READ_COUNT) values (266,0,'ym1234@naver.com','3',to_date('22/08/20','RR/MM/DD'),to_date('22/08/20','RR/MM/DD'),7);
REM INSERTING into ADMIN.TMI_FRIEND_BOARD_ATTACHMENT
SET DEFINE OFF;
Insert into ADMIN.TMI_FRIEND_BOARD_ATTACHMENT (FBA_NO,FBA_FB_NO,FBA_ORIGINAL_FILENAME,FBA_RENAMED_FILENAME,TBA_CREATED_AT) values (149,283,'cat.png','20220825_013256100_784.png',to_date('22/08/24','RR/MM/DD'));
REM INSERTING into ADMIN.TMI_FRIEND_BOARD_COMMENT
SET DEFINE OFF;
Insert into ADMIN.TMI_FRIEND_BOARD_COMMENT (FBC_NO,FBC_M_EMAIL,FBC_FB_NO,FBC_CREATED_AT,FBC_CONTENT) values (79,'ym1234@naver.com',266,to_date('22/08/22','RR/MM/DD'),'ㅇㅁㄴㅇㅁ');
Insert into ADMIN.TMI_FRIEND_BOARD_COMMENT (FBC_NO,FBC_M_EMAIL,FBC_FB_NO,FBC_CREATED_AT,FBC_CONTENT) values (81,'honggd@naver.com',267,to_date('22/08/22','RR/MM/DD'),'asd');
Insert into ADMIN.TMI_FRIEND_BOARD_COMMENT (FBC_NO,FBC_M_EMAIL,FBC_FB_NO,FBC_CREATED_AT,FBC_CONTENT) values (93,'ys1234@naver.com',283,to_date('22/08/25','RR/MM/DD'),'엥');
Insert into ADMIN.TMI_FRIEND_BOARD_COMMENT (FBC_NO,FBC_M_EMAIL,FBC_FB_NO,FBC_CREATED_AT,FBC_CONTENT) values (85,'honggd@naver.com',283,to_date('22/08/24','RR/MM/DD'),'ㅁㄴㅇㅁㄴㅇ');
Insert into ADMIN.TMI_FRIEND_BOARD_COMMENT (FBC_NO,FBC_M_EMAIL,FBC_FB_NO,FBC_CREATED_AT,FBC_CONTENT) values (86,'honggd@naver.com',283,to_date('22/08/24','RR/MM/DD'),'ㅁㄴㅇㅁㄴㅇ');
Insert into ADMIN.TMI_FRIEND_BOARD_COMMENT (FBC_NO,FBC_M_EMAIL,FBC_FB_NO,FBC_CREATED_AT,FBC_CONTENT) values (87,'honggd@naver.com',283,to_date('22/08/24','RR/MM/DD'),'ㅁㄴㅇㅁㄴㅇㅇㅁㄴㅇ');
Insert into ADMIN.TMI_FRIEND_BOARD_COMMENT (FBC_NO,FBC_M_EMAIL,FBC_FB_NO,FBC_CREATED_AT,FBC_CONTENT) values (84,'ys1234@naver.com',266,to_date('22/08/22','RR/MM/DD'),'ㅋㅋ');
REM INSERTING into ADMIN.TMI_MEMBER
SET DEFINE OFF;
Insert into ADMIN.TMI_MEMBER (M_NO,M_EMAIL,M_NICKNAME,M_PASSWORD,M_NAME,M_PHONE,M_CREATED_AT) values (251,'yoonseo.common@gmail.com','삼냥집사','$2a$10$Dq1jHd8SX3DvmHjaVgQ4Y.Uu1P4gvnJxIO94ieLZsd5KFcpWWMUIS','최윤서','01012341234',to_date('22/08/23','RR/MM/DD'));
Insert into ADMIN.TMI_MEMBER (M_NO,M_EMAIL,M_NICKNAME,M_PASSWORD,M_NAME,M_PHONE,M_CREATED_AT) values (145,'danji@naver.com','뚱단지','$2a$10$gJ8gy68uQ8OkgfbamaMbFuvIZBFQK/gJ8R0ySzPWq5P0G2CpkgyQW','최단지','01012341234',to_date('22/08/07','RR/MM/DD'));
Insert into ADMIN.TMI_MEMBER (M_NO,M_EMAIL,M_NICKNAME,M_PASSWORD,M_NAME,M_PHONE,M_CREATED_AT) values (148,'bsj1234@naver.com','박서준','$2a$10$.dqpgfccHZYzqgypfgCEieScq4Za/hI/MGf7E5H2yXkJH5GkDtzp2','박서준','01012341234',to_date('22/08/07','RR/MM/DD'));
Insert into ADMIN.TMI_MEMBER (M_NO,M_EMAIL,M_NICKNAME,M_PASSWORD,M_NAME,M_PHONE,M_CREATED_AT) values (150,'jdh1234@naver.com','헤이즈','$2a$10$aC5RhqHvROdxjDATaZ1sWuNc4zOa6pB/SigyLe8upUQwYeDdaPLki','장다혜','01012341234',to_date('22/08/09','RR/MM/DD'));
Insert into ADMIN.TMI_MEMBER (M_NO,M_EMAIL,M_NICKNAME,M_PASSWORD,M_NAME,M_PHONE,M_CREATED_AT) values (152,'ym123@naver.com','용민이','$2a$10$fB05k22fHAPfZ57j0hMrKuJFFF1.e0wLqcdFGYUFLxNyIk/6CyCXy','김용민','01000000000',to_date('22/08/09','RR/MM/DD'));
Insert into ADMIN.TMI_MEMBER (M_NO,M_EMAIL,M_NICKNAME,M_PASSWORD,M_NAME,M_PHONE,M_CREATED_AT) values (71,'admin@naver.com','관리자','$2a$10$NpcQaEykrJPgVEJruCCWxu3AGZEWo.jLHMwiSvZdsNILDYbGdUbIa','관리자','01000000000',to_date('22/08/05','RR/MM/DD'));
Insert into ADMIN.TMI_MEMBER (M_NO,M_EMAIL,M_NICKNAME,M_PASSWORD,M_NAME,M_PHONE,M_CREATED_AT) values (72,'ym1234@naver.com','김용민','$2a$10$9Z1U5AfOIweeEm6LiVI95.2uTRnyw5sulO0bMmXlkyWnuHGOPEm4e','용민잉잉','01000000004',to_date('22/08/05','RR/MM/DD'));
Insert into ADMIN.TMI_MEMBER (M_NO,M_EMAIL,M_NICKNAME,M_PASSWORD,M_NAME,M_PHONE,M_CREATED_AT) values (73,'ks1234@naver.com','이경석','$2a$10$NpcQaEykrJPgVEJruCCWxu3AGZEWo.jLHMwiSvZdsNILDYbGdUbIa','ks1234','01000000000',to_date('22/08/05','RR/MM/DD'));
Insert into ADMIN.TMI_MEMBER (M_NO,M_EMAIL,M_NICKNAME,M_PASSWORD,M_NAME,M_PHONE,M_CREATED_AT) values (169,'susu@naver.com','수수해','$2a$10$glTEdNXuriwnGl0vYdzeke9DCfZwPHbudJpuPYwG7TQNp5nRhFwOy','김수수','01012341234',to_date('22/08/09','RR/MM/DD'));
Insert into ADMIN.TMI_MEMBER (M_NO,M_EMAIL,M_NICKNAME,M_PASSWORD,M_NAME,M_PHONE,M_CREATED_AT) values (75,'mj1234@naver.com','권민지','$2a$10$NpcQaEykrJPgVEJruCCWxu3AGZEWo.jLHMwiSvZdsNILDYbGdUbIa','mj1234','01000000000',to_date('22/08/05','RR/MM/DD'));
Insert into ADMIN.TMI_MEMBER (M_NO,M_EMAIL,M_NICKNAME,M_PASSWORD,M_NAME,M_PHONE,M_CREATED_AT) values (76,'ic1234@naver.com','전인찬','$2a$10$NpcQaEykrJPgVEJruCCWxu3AGZEWo.jLHMwiSvZdsNILDYbGdUbIa','ic1234','01000000000',to_date('22/08/05','RR/MM/DD'));
Insert into ADMIN.TMI_MEMBER (M_NO,M_EMAIL,M_NICKNAME,M_PASSWORD,M_NAME,M_PHONE,M_CREATED_AT) values (125,'TMI@gmail.com','이아엠티','$2a$10$NqyEATUKYfhm1Ny3Xe9QbOx3rwPE0vRsrjHbaGdLAr3UlP9EwELQa','티엠아이','01012349876',to_date('22/08/06','RR/MM/DD'));
Insert into ADMIN.TMI_MEMBER (M_NO,M_EMAIL,M_NICKNAME,M_PASSWORD,M_NAME,M_PHONE,M_CREATED_AT) values (146,'dmin@naver.com','드드민','$2a$10$S0hwPdWyzhB13VmiXFynuugR5RMcvHfPt.S5NxMd7UfDWN9P2Zxom','이드민','01011112233',to_date('22/08/07','RR/MM/DD'));
Insert into ADMIN.TMI_MEMBER (M_NO,M_EMAIL,M_NICKNAME,M_PASSWORD,M_NAME,M_PHONE,M_CREATED_AT) values (81,'honggd@naver.com','홍홍홍','$2a$10$EXTuRLRjK1z5DxbngxRhcOv74jtWGcspNLssI0sOvj2gGLs8a/OEO','홍길동','01000000000',to_date('22/08/05','RR/MM/DD'));
Insert into ADMIN.TMI_MEMBER (M_NO,M_EMAIL,M_NICKNAME,M_PASSWORD,M_NAME,M_PHONE,M_CREATED_AT) values (144,'munji@naver.com','냥펀치','$2a$10$FfpQpLtCgNR76oj4IF/MteY6NujD7u.Av/HGzDjoIqkvrbVEYIuQu','최먼지','01023234343',to_date('22/08/07','RR/MM/DD'));
Insert into ADMIN.TMI_MEMBER (M_NO,M_EMAIL,M_NICKNAME,M_PASSWORD,M_NAME,M_PHONE,M_CREATED_AT) values (147,'tan1234@naver.com','탄왕자','$2a$10$7YBrrMRAEZFDsreQpMLyje1lAqkgkrQrYoKesS1PVz./N7a0oE/cq','최탄','01012341234',to_date('22/08/07','RR/MM/DD'));
Insert into ADMIN.TMI_MEMBER (M_NO,M_EMAIL,M_NICKNAME,M_PASSWORD,M_NAME,M_PHONE,M_CREATED_AT) values (149,'ml1234@naver.com','멜로망스','$2a$10$h90/YkQ5BKh/N8iPNeQ71.Izs0UH21U.0EUL5eDY/7TyIMCqxHIA.','김멜로','01012341234',to_date('22/08/09','RR/MM/DD'));
Insert into ADMIN.TMI_MEMBER (M_NO,M_EMAIL,M_NICKNAME,M_PASSWORD,M_NAME,M_PHONE,M_CREATED_AT) values (74,'ys1234@naver.com','최윤서','$2a$10$NpcQaEykrJPgVEJruCCWxu3AGZEWo.jLHMwiSvZdsNILDYbGdUbIa','ys1234','01000000000',to_date('22/08/05','RR/MM/DD'));
Insert into ADMIN.TMI_MEMBER (M_NO,M_EMAIL,M_NICKNAME,M_PASSWORD,M_NAME,M_PHONE,M_CREATED_AT) values (172,'hb1234@naver.com','히밥','$2a$10$czi8ALh1GSp9gbOa7WJoUeD3HpXxAyaMm8KmbD4v5TMIVv6t2MgOu','김히밥','01012341234',to_date('22/08/09','RR/MM/DD'));
Insert into ADMIN.TMI_MEMBER (M_NO,M_EMAIL,M_NICKNAME,M_PASSWORD,M_NAME,M_PHONE,M_CREATED_AT) values (250,'o0o0526@naver.com','윤서','$2a$10$6CZt42iB3IjBsBw6YhsBRegpTUgtsyHZUR5w0Wmj5TTnpDehZFOn6','최윤서','01099919991',to_date('22/08/23','RR/MM/DD'));
Insert into ADMIN.TMI_MEMBER (M_NO,M_EMAIL,M_NICKNAME,M_PASSWORD,M_NAME,M_PHONE,M_CREATED_AT) values (173,'cat1234@naver.com','냥아치','$2a$10$4d.Lz8c8WDdOTwFHgaFM8OeRy0ZczRFFed7PfByUvW6QDYBp6zrfu','고먐미','01012341234',to_date('22/08/09','RR/MM/DD'));
Insert into ADMIN.TMI_MEMBER (M_NO,M_EMAIL,M_NICKNAME,M_PASSWORD,M_NAME,M_PHONE,M_CREATED_AT) values (189,'dddks1234@naver.com','아무무','$2a$10$Yjbs/EevAX.JK6wpLJ7ONOdVvWEYtGfxrixrxKnoexxmb5VPqP83G','아무개','01054546223',to_date('22/08/10','RR/MM/DD'));
REM INSERTING into ADMIN.TMI_MEMBER_ROLE
SET DEFINE OFF;
Insert into ADMIN.TMI_MEMBER_ROLE (MR_AUTH,MR_M_EMAIL) values ('ROLE_ADMIN','admin@naver.com');
Insert into ADMIN.TMI_MEMBER_ROLE (MR_AUTH,MR_M_EMAIL) values ('ROLE_USER','TMI@gmail.com');
Insert into ADMIN.TMI_MEMBER_ROLE (MR_AUTH,MR_M_EMAIL) values ('ROLE_USER','bsj1234@naver.com');
Insert into ADMIN.TMI_MEMBER_ROLE (MR_AUTH,MR_M_EMAIL) values ('ROLE_USER','cat1234@naver.com');
Insert into ADMIN.TMI_MEMBER_ROLE (MR_AUTH,MR_M_EMAIL) values ('ROLE_USER','danji@naver.com');
Insert into ADMIN.TMI_MEMBER_ROLE (MR_AUTH,MR_M_EMAIL) values ('ROLE_USER','dddks1234@naver.com');
Insert into ADMIN.TMI_MEMBER_ROLE (MR_AUTH,MR_M_EMAIL) values ('ROLE_USER','dmin@naver.com');
Insert into ADMIN.TMI_MEMBER_ROLE (MR_AUTH,MR_M_EMAIL) values ('ROLE_USER','hb1234@naver.com');
Insert into ADMIN.TMI_MEMBER_ROLE (MR_AUTH,MR_M_EMAIL) values ('ROLE_USER','honggd@naver.com');
Insert into ADMIN.TMI_MEMBER_ROLE (MR_AUTH,MR_M_EMAIL) values ('ROLE_USER','ic1234@naver.com');
Insert into ADMIN.TMI_MEMBER_ROLE (MR_AUTH,MR_M_EMAIL) values ('ROLE_USER','jdh1234@naver.com');
Insert into ADMIN.TMI_MEMBER_ROLE (MR_AUTH,MR_M_EMAIL) values ('ROLE_USER','ks1234@naver.com');
Insert into ADMIN.TMI_MEMBER_ROLE (MR_AUTH,MR_M_EMAIL) values ('ROLE_USER','mj1234@naver.com');
Insert into ADMIN.TMI_MEMBER_ROLE (MR_AUTH,MR_M_EMAIL) values ('ROLE_USER','ml1234@naver.com');
Insert into ADMIN.TMI_MEMBER_ROLE (MR_AUTH,MR_M_EMAIL) values ('ROLE_USER','munji@naver.com');
Insert into ADMIN.TMI_MEMBER_ROLE (MR_AUTH,MR_M_EMAIL) values ('ROLE_USER','o0o0526@naver.com');
Insert into ADMIN.TMI_MEMBER_ROLE (MR_AUTH,MR_M_EMAIL) values ('ROLE_USER','susu@naver.com');
Insert into ADMIN.TMI_MEMBER_ROLE (MR_AUTH,MR_M_EMAIL) values ('ROLE_USER','tan1234@naver.com');
Insert into ADMIN.TMI_MEMBER_ROLE (MR_AUTH,MR_M_EMAIL) values ('ROLE_USER','ym1234@naver.com');
Insert into ADMIN.TMI_MEMBER_ROLE (MR_AUTH,MR_M_EMAIL) values ('ROLE_USER','ym123@naver.com');
Insert into ADMIN.TMI_MEMBER_ROLE (MR_AUTH,MR_M_EMAIL) values ('ROLE_USER','yoonseo.common@gmail.com');
Insert into ADMIN.TMI_MEMBER_ROLE (MR_AUTH,MR_M_EMAIL) values ('ROLE_USER','ys1234@naver.com');
REM INSERTING into ADMIN.TMI_NOTICE_BOARD
SET DEFINE OFF;
Insert into ADMIN.TMI_NOTICE_BOARD (NB_NO,NB_M_EMAIL,NB_TITLE,NB_CREATED_AT,NB_UPDATE_AT,NB_READ_COUNT) values (75,'admin@naver.com','123',to_date('22/08/25','RR/MM/DD'),to_date('22/08/25','RR/MM/DD'),2);
Insert into ADMIN.TMI_NOTICE_BOARD (NB_NO,NB_M_EMAIL,NB_TITLE,NB_CREATED_AT,NB_UPDATE_AT,NB_READ_COUNT) values (28,'admin@naver.com',null,to_date('22/08/19','RR/MM/DD'),to_date('22/08/19','RR/MM/DD'),1);
Insert into ADMIN.TMI_NOTICE_BOARD (NB_NO,NB_M_EMAIL,NB_TITLE,NB_CREATED_AT,NB_UPDATE_AT,NB_READ_COUNT) values (24,'admin@naver.com',null,to_date('22/08/19','RR/MM/DD'),to_date('22/08/21','RR/MM/DD'),2);
Insert into ADMIN.TMI_NOTICE_BOARD (NB_NO,NB_M_EMAIL,NB_TITLE,NB_CREATED_AT,NB_UPDATE_AT,NB_READ_COUNT) values (53,'admin@naver.com','도로사진',to_date('22/08/21','RR/MM/DD'),to_date('22/08/25','RR/MM/DD'),6);
Insert into ADMIN.TMI_NOTICE_BOARD (NB_NO,NB_M_EMAIL,NB_TITLE,NB_CREATED_AT,NB_UPDATE_AT,NB_READ_COUNT) values (68,'admin@naver.com','1',to_date('22/08/24','RR/MM/DD'),to_date('22/08/25','RR/MM/DD'),3);
Insert into ADMIN.TMI_NOTICE_BOARD (NB_NO,NB_M_EMAIL,NB_TITLE,NB_CREATED_AT,NB_UPDATE_AT,NB_READ_COUNT) values (70,'admin@naver.com','3',to_date('22/08/24','RR/MM/DD'),to_date('22/08/24','RR/MM/DD'),3);
Insert into ADMIN.TMI_NOTICE_BOARD (NB_NO,NB_M_EMAIL,NB_TITLE,NB_CREATED_AT,NB_UPDATE_AT,NB_READ_COUNT) values (71,'admin@naver.com','4',to_date('22/08/24','RR/MM/DD'),to_date('22/08/25','RR/MM/DD'),3);
Insert into ADMIN.TMI_NOTICE_BOARD (NB_NO,NB_M_EMAIL,NB_TITLE,NB_CREATED_AT,NB_UPDATE_AT,NB_READ_COUNT) values (54,'admin@naver.com','공지사항입니다.',to_date('22/08/21','RR/MM/DD'),to_date('22/08/25','RR/MM/DD'),4);
Insert into ADMIN.TMI_NOTICE_BOARD (NB_NO,NB_M_EMAIL,NB_TITLE,NB_CREATED_AT,NB_UPDATE_AT,NB_READ_COUNT) values (50,'admin@naver.com','이미지ㅇㅇ',to_date('22/08/21','RR/MM/DD'),to_date('22/08/25','RR/MM/DD'),4);
Insert into ADMIN.TMI_NOTICE_BOARD (NB_NO,NB_M_EMAIL,NB_TITLE,NB_CREATED_AT,NB_UPDATE_AT,NB_READ_COUNT) values (48,'admin@naver.com','ㅇㅇ',to_date('22/08/20','RR/MM/DD'),to_date('22/08/25','RR/MM/DD'),3);
REM INSERTING into ADMIN.TMI_NOTICE_BOARD_ATTACHMENT
SET DEFINE OFF;
Insert into ADMIN.TMI_NOTICE_BOARD_ATTACHMENT (NBA_NO,NBA_NB_NO,NBA_ORIGINAL_FILENAME,NBA_RENAMED_FILENAME,NBA_CREATED_AT) values (41,75,'1.PNG','20220825_230235224_843.PNG',to_date('22/08/25','RR/MM/DD'));
Insert into ADMIN.TMI_NOTICE_BOARD_ATTACHMENT (NBA_NO,NBA_NB_NO,NBA_ORIGINAL_FILENAME,NBA_RENAMED_FILENAME,NBA_CREATED_AT) values (26,53,'load.jpeg','20220822_022948777_470.jpeg',to_date('22/08/21','RR/MM/DD'));
REM INSERTING into ADMIN.TMI_PLANNER
SET DEFINE OFF;
Insert into ADMIN.TMI_PLANNER (P_NO,P_M_EMAIL,P_TITLE,P_EXPLAN,P_LEAVE_DATE,P_RETURN_DATE,P_WRITE_DATE) values (478,'TMI@gmail.com','수료 후, 여름 여행','혼자의 혼자만의 혼자를 위한 시간',to_date('22/08/30','RR/MM/DD'),to_date('22/09/01','RR/MM/DD'),to_date('22/08/25','RR/MM/DD'));
Insert into ADMIN.TMI_PLANNER (P_NO,P_M_EMAIL,P_TITLE,P_EXPLAN,P_LEAVE_DATE,P_RETURN_DATE,P_WRITE_DATE) values (272,'ym1234@naver.com','테스트 일정',null,to_date('22/09/01','RR/MM/DD'),to_date('22/09/05','RR/MM/DD'),to_date('22/08/15','RR/MM/DD'));
Insert into ADMIN.TMI_PLANNER (P_NO,P_M_EMAIL,P_TITLE,P_EXPLAN,P_LEAVE_DATE,P_RETURN_DATE,P_WRITE_DATE) values (418,'honggd@naver.com','테스투 ~','ㅋㅋ',to_date('22/08/01','RR/MM/DD'),to_date('22/08/03','RR/MM/DD'),null);
Insert into ADMIN.TMI_PLANNER (P_NO,P_M_EMAIL,P_TITLE,P_EXPLAN,P_LEAVE_DATE,P_RETURN_DATE,P_WRITE_DATE) values (419,'honggd@naver.com','테스트 일정',null,to_date('22/09/01','RR/MM/DD'),to_date('22/09/05','RR/MM/DD'),null);
Insert into ADMIN.TMI_PLANNER (P_NO,P_M_EMAIL,P_TITLE,P_EXPLAN,P_LEAVE_DATE,P_RETURN_DATE,P_WRITE_DATE) values (420,'honggd@naver.com','테스투 ~','ㅋㅋ',to_date('22/08/01','RR/MM/DD'),to_date('22/08/03','RR/MM/DD'),null);
Insert into ADMIN.TMI_PLANNER (P_NO,P_M_EMAIL,P_TITLE,P_EXPLAN,P_LEAVE_DATE,P_RETURN_DATE,P_WRITE_DATE) values (461,'ym1234@naver.com','용민이와 두근두근 홍대 데이트','^^',to_date('22/09/01','RR/MM/DD'),to_date('22/09/03','RR/MM/DD'),to_date('22/08/25','RR/MM/DD'));
Insert into ADMIN.TMI_PLANNER (P_NO,P_M_EMAIL,P_TITLE,P_EXPLAN,P_LEAVE_DATE,P_RETURN_DATE,P_WRITE_DATE) values (467,'ym1234@naver.com','야구','야구장 존잼',to_date('22/08/27','RR/MM/DD'),to_date('22/08/28','RR/MM/DD'),to_date('22/08/25','RR/MM/DD'));
Insert into ADMIN.TMI_PLANNER (P_NO,P_M_EMAIL,P_TITLE,P_EXPLAN,P_LEAVE_DATE,P_RETURN_DATE,P_WRITE_DATE) values (0,'admin@naver.com','0',null,to_date('22/08/18','RR/MM/DD'),to_date('22/08/18','RR/MM/DD'),null);
Insert into ADMIN.TMI_PLANNER (P_NO,P_M_EMAIL,P_TITLE,P_EXPLAN,P_LEAVE_DATE,P_RETURN_DATE,P_WRITE_DATE) values (451,'honggd@naver.com','asd','asd',to_date('22/09/01','RR/MM/DD'),to_date('22/09/07','RR/MM/DD'),to_date('22/08/25','RR/MM/DD'));
Insert into ADMIN.TMI_PLANNER (P_NO,P_M_EMAIL,P_TITLE,P_EXPLAN,P_LEAVE_DATE,P_RETURN_DATE,P_WRITE_DATE) values (453,'honggd@naver.com','ㅁㄴㅇ','ㅇㅇ',to_date('22/08/01','RR/MM/DD'),to_date('22/08/04','RR/MM/DD'),to_date('22/08/25','RR/MM/DD'));
Insert into ADMIN.TMI_PLANNER (P_NO,P_M_EMAIL,P_TITLE,P_EXPLAN,P_LEAVE_DATE,P_RETURN_DATE,P_WRITE_DATE) values (454,'ys1234@naver.com','종강 파뤼',null,to_date('22/08/29','RR/MM/DD'),to_date('22/08/31','RR/MM/DD'),to_date('22/08/25','RR/MM/DD'));
Insert into ADMIN.TMI_PLANNER (P_NO,P_M_EMAIL,P_TITLE,P_EXPLAN,P_LEAVE_DATE,P_RETURN_DATE,P_WRITE_DATE) values (455,'mj1234@naver.com','떠나요~','이야',to_date('22/09/03','RR/MM/DD'),to_date('22/09/07','RR/MM/DD'),to_date('22/08/25','RR/MM/DD'));
Insert into ADMIN.TMI_PLANNER (P_NO,P_M_EMAIL,P_TITLE,P_EXPLAN,P_LEAVE_DATE,P_RETURN_DATE,P_WRITE_DATE) values (472,'ym1234@naver.com','강사님 보러가는 날','반가워요',to_date('22/08/29','RR/MM/DD'),to_date('22/08/30','RR/MM/DD'),to_date('22/08/25','RR/MM/DD'));
Insert into ADMIN.TMI_PLANNER (P_NO,P_M_EMAIL,P_TITLE,P_EXPLAN,P_LEAVE_DATE,P_RETURN_DATE,P_WRITE_DATE) values (463,'ym1234@naver.com','용민이와 두근두근 부천 데이트','부천으로 놀러오세요',to_date('22/08/29','RR/MM/DD'),to_date('22/08/30','RR/MM/DD'),to_date('22/08/25','RR/MM/DD'));
Insert into ADMIN.TMI_PLANNER (P_NO,P_M_EMAIL,P_TITLE,P_EXPLAN,P_LEAVE_DATE,P_RETURN_DATE,P_WRITE_DATE) values (465,'munji@naver.com','바다조아',null,to_date('22/09/01','RR/MM/DD'),to_date('22/09/08','RR/MM/DD'),to_date('22/08/25','RR/MM/DD'));
Insert into ADMIN.TMI_PLANNER (P_NO,P_M_EMAIL,P_TITLE,P_EXPLAN,P_LEAVE_DATE,P_RETURN_DATE,P_WRITE_DATE) values (466,'munji@naver.com','용민이와 두근두근 부천 데이트','부천으로 놀러오세요',to_date('22/08/29','RR/MM/DD'),to_date('22/08/30','RR/MM/DD'),null);
Insert into ADMIN.TMI_PLANNER (P_NO,P_M_EMAIL,P_TITLE,P_EXPLAN,P_LEAVE_DATE,P_RETURN_DATE,P_WRITE_DATE) values (399,'ys1234@naver.com','여름 휴가',null,to_date('22/08/30','RR/MM/DD'),to_date('22/09/03','RR/MM/DD'),to_date('22/08/22','RR/MM/DD'));
Insert into ADMIN.TMI_PLANNER (P_NO,P_M_EMAIL,P_TITLE,P_EXPLAN,P_LEAVE_DATE,P_RETURN_DATE,P_WRITE_DATE) values (470,'ys1234@naver.com','먹방여행',null,to_date('22/08/29','RR/MM/DD'),to_date('22/08/31','RR/MM/DD'),to_date('22/08/25','RR/MM/DD'));
Insert into ADMIN.TMI_PLANNER (P_NO,P_M_EMAIL,P_TITLE,P_EXPLAN,P_LEAVE_DATE,P_RETURN_DATE,P_WRITE_DATE) values (473,'danji@naver.com','제주도 여행',null,to_date('22/09/06','RR/MM/DD'),to_date('22/09/08','RR/MM/DD'),to_date('22/08/25','RR/MM/DD'));
Insert into ADMIN.TMI_PLANNER (P_NO,P_M_EMAIL,P_TITLE,P_EXPLAN,P_LEAVE_DATE,P_RETURN_DATE,P_WRITE_DATE) values (475,'danji@naver.com','강릉여행',null,to_date('22/09/01','RR/MM/DD'),to_date('22/09/03','RR/MM/DD'),to_date('22/08/25','RR/MM/DD'));
Insert into ADMIN.TMI_PLANNER (P_NO,P_M_EMAIL,P_TITLE,P_EXPLAN,P_LEAVE_DATE,P_RETURN_DATE,P_WRITE_DATE) values (426,'ym1234@naver.com','힝','ㅋ',to_date('22/09/01','RR/MM/DD'),to_date('22/09/03','RR/MM/DD'),to_date('22/08/22','RR/MM/DD'));
REM INSERTING into ADMIN.TMI_PLANNER_BOARD
SET DEFINE OFF;
Insert into ADMIN.TMI_PLANNER_BOARD (PB_NO,PB_P_NO,PB_M_EMAIL,PB_TITLE,PB_CREATED_AT,PB_UPDATED_AT,PB_READ_COUNT) values (67,463,'ym1234@naver.com','부천으로 놀러오세요',to_date('22/08/25','RR/MM/DD'),to_date('22/08/25','RR/MM/DD'),6);
Insert into ADMIN.TMI_PLANNER_BOARD (PB_NO,PB_P_NO,PB_M_EMAIL,PB_TITLE,PB_CREATED_AT,PB_UPDATED_AT,PB_READ_COUNT) values (33,272,'ym1234@naver.com','플래너 테스트 원투쓰리',to_date('22/08/20','RR/MM/DD'),to_date('22/08/20','RR/MM/DD'),9);
Insert into ADMIN.TMI_PLANNER_BOARD (PB_NO,PB_P_NO,PB_M_EMAIL,PB_TITLE,PB_CREATED_AT,PB_UPDATED_AT,PB_READ_COUNT) values (73,475,'danji@naver.com','여름엔 강원도로! 1박2일',to_date('22/08/25','RR/MM/DD'),to_date('22/08/25','RR/MM/DD'),2);
Insert into ADMIN.TMI_PLANNER_BOARD (PB_NO,PB_P_NO,PB_M_EMAIL,PB_TITLE,PB_CREATED_AT,PB_UPDATED_AT,PB_READ_COUNT) values (71,461,'ym1234@naver.com','홍대로 놀러오세요',to_date('22/08/25','RR/MM/DD'),to_date('22/08/25','RR/MM/DD'),1);
Insert into ADMIN.TMI_PLANNER_BOARD (PB_NO,PB_P_NO,PB_M_EMAIL,PB_TITLE,PB_CREATED_AT,PB_UPDATED_AT,PB_READ_COUNT) values (63,426,'ym1234@naver.com','나의 멋진 플래너',to_date('22/08/22','RR/MM/DD'),to_date('22/08/25','RR/MM/DD'),9);
Insert into ADMIN.TMI_PLANNER_BOARD (PB_NO,PB_P_NO,PB_M_EMAIL,PB_TITLE,PB_CREATED_AT,PB_UPDATED_AT,PB_READ_COUNT) values (72,473,'danji@naver.com','제주도여행 일정 1박2일',to_date('22/08/25','RR/MM/DD'),to_date('22/08/25','RR/MM/DD'),3);
Insert into ADMIN.TMI_PLANNER_BOARD (PB_NO,PB_P_NO,PB_M_EMAIL,PB_TITLE,PB_CREATED_AT,PB_UPDATED_AT,PB_READ_COUNT) values (64,418,'honggd@naver.com','새로운 플래너',to_date('22/08/25','RR/MM/DD'),to_date('22/08/25','RR/MM/DD'),2);
REM INSERTING into ADMIN.TMI_PLANNER_BOARD_COMMENT
SET DEFINE OFF;
Insert into ADMIN.TMI_PLANNER_BOARD_COMMENT (PBC_NO,PBC_PB_NO,PBC_M_EMAIL,PBC_CREATED_AT,PBC_CONTENT) values (23,63,'admin@naver.com',to_date('22/08/24','RR/MM/DD'),'asd');
Insert into ADMIN.TMI_PLANNER_BOARD_COMMENT (PBC_NO,PBC_PB_NO,PBC_M_EMAIL,PBC_CREATED_AT,PBC_CONTENT) values (24,63,'admin@naver.com',to_date('22/08/24','RR/MM/DD'),'asd');
Insert into ADMIN.TMI_PLANNER_BOARD_COMMENT (PBC_NO,PBC_PB_NO,PBC_M_EMAIL,PBC_CREATED_AT,PBC_CONTENT) values (25,63,'honggd@naver.com',to_date('22/08/24','RR/MM/DD'),'asd');
REM INSERTING into ADMIN.TMI_PLANNER_BOARD_LOVE
SET DEFINE OFF;
Insert into ADMIN.TMI_PLANNER_BOARD_LOVE (PBL_NO,PBL_M_EMAIL,PBL_PB_NO,PBL_TYPE) values (41,'TMI@gmail.com',63,1);
Insert into ADMIN.TMI_PLANNER_BOARD_LOVE (PBL_NO,PBL_M_EMAIL,PBL_PB_NO,PBL_TYPE) values (86,'TMI@gmail.com',72,1);
Insert into ADMIN.TMI_PLANNER_BOARD_LOVE (PBL_NO,PBL_M_EMAIL,PBL_PB_NO,PBL_TYPE) values (66,'mj1234@naver.com',67,1);
Insert into ADMIN.TMI_PLANNER_BOARD_LOVE (PBL_NO,PBL_M_EMAIL,PBL_PB_NO,PBL_TYPE) values (72,'admin@naver.com',67,1);
Insert into ADMIN.TMI_PLANNER_BOARD_LOVE (PBL_NO,PBL_M_EMAIL,PBL_PB_NO,PBL_TYPE) values (89,'TMI@gmail.com',67,1);
Insert into ADMIN.TMI_PLANNER_BOARD_LOVE (PBL_NO,PBL_M_EMAIL,PBL_PB_NO,PBL_TYPE) values (63,'honggd@naver.com',67,1);
Insert into ADMIN.TMI_PLANNER_BOARD_LOVE (PBL_NO,PBL_M_EMAIL,PBL_PB_NO,PBL_TYPE) values (85,'cat1234@naver.com',67,1);
Insert into ADMIN.TMI_PLANNER_BOARD_LOVE (PBL_NO,PBL_M_EMAIL,PBL_PB_NO,PBL_TYPE) values (77,'ym1234@naver.com',73,1);
Insert into ADMIN.TMI_PLANNER_BOARD_LOVE (PBL_NO,PBL_M_EMAIL,PBL_PB_NO,PBL_TYPE) values (78,'ym1234@naver.com',72,1);
Insert into ADMIN.TMI_PLANNER_BOARD_LOVE (PBL_NO,PBL_M_EMAIL,PBL_PB_NO,PBL_TYPE) values (83,'cat1234@naver.com',73,1);
Insert into ADMIN.TMI_PLANNER_BOARD_LOVE (PBL_NO,PBL_M_EMAIL,PBL_PB_NO,PBL_TYPE) values (84,'cat1234@naver.com',72,1);
Insert into ADMIN.TMI_PLANNER_BOARD_LOVE (PBL_NO,PBL_M_EMAIL,PBL_PB_NO,PBL_TYPE) values (75,'ys1234@naver.com',73,1);
Insert into ADMIN.TMI_PLANNER_BOARD_LOVE (PBL_NO,PBL_M_EMAIL,PBL_PB_NO,PBL_TYPE) values (76,'ys1234@naver.com',72,1);
Insert into ADMIN.TMI_PLANNER_BOARD_LOVE (PBL_NO,PBL_M_EMAIL,PBL_PB_NO,PBL_TYPE) values (21,'honggd@naver.com',63,1);
Insert into ADMIN.TMI_PLANNER_BOARD_LOVE (PBL_NO,PBL_M_EMAIL,PBL_PB_NO,PBL_TYPE) values (81,'tan1234@naver.com',73,1);
Insert into ADMIN.TMI_PLANNER_BOARD_LOVE (PBL_NO,PBL_M_EMAIL,PBL_PB_NO,PBL_TYPE) values (24,'honggd@naver.com',33,1);
Insert into ADMIN.TMI_PLANNER_BOARD_LOVE (PBL_NO,PBL_M_EMAIL,PBL_PB_NO,PBL_TYPE) values (25,'ks1234@naver.com',63,1);
Insert into ADMIN.TMI_PLANNER_BOARD_LOVE (PBL_NO,PBL_M_EMAIL,PBL_PB_NO,PBL_TYPE) values (82,'tan1234@naver.com',72,1);
Insert into ADMIN.TMI_PLANNER_BOARD_LOVE (PBL_NO,PBL_M_EMAIL,PBL_PB_NO,PBL_TYPE) values (87,'munji@naver.com',73,1);
Insert into ADMIN.TMI_PLANNER_BOARD_LOVE (PBL_NO,PBL_M_EMAIL,PBL_PB_NO,PBL_TYPE) values (28,'ks1234@naver.com',33,1);
Insert into ADMIN.TMI_PLANNER_BOARD_LOVE (PBL_NO,PBL_M_EMAIL,PBL_PB_NO,PBL_TYPE) values (29,'admin@naver.com',63,1);
Insert into ADMIN.TMI_PLANNER_BOARD_LOVE (PBL_NO,PBL_M_EMAIL,PBL_PB_NO,PBL_TYPE) values (88,'munji@naver.com',72,1);
Insert into ADMIN.TMI_PLANNER_BOARD_LOVE (PBL_NO,PBL_M_EMAIL,PBL_PB_NO,PBL_TYPE) values (32,'admin@naver.com',33,1);
Insert into ADMIN.TMI_PLANNER_BOARD_LOVE (PBL_NO,PBL_M_EMAIL,PBL_PB_NO,PBL_TYPE) values (33,'ym1234@naver.com',63,1);
Insert into ADMIN.TMI_PLANNER_BOARD_LOVE (PBL_NO,PBL_M_EMAIL,PBL_PB_NO,PBL_TYPE) values (36,'ym1234@naver.com',33,1);
Insert into ADMIN.TMI_PLANNER_BOARD_LOVE (PBL_NO,PBL_M_EMAIL,PBL_PB_NO,PBL_TYPE) values (37,'ys1234@naver.com',63,1);
Insert into ADMIN.TMI_PLANNER_BOARD_LOVE (PBL_NO,PBL_M_EMAIL,PBL_PB_NO,PBL_TYPE) values (40,'ys1234@naver.com',33,1);
Insert into ADMIN.TMI_PLANNER_BOARD_LOVE (PBL_NO,PBL_M_EMAIL,PBL_PB_NO,PBL_TYPE) values (61,'ys1234@naver.com',67,1);
Insert into ADMIN.TMI_PLANNER_BOARD_LOVE (PBL_NO,PBL_M_EMAIL,PBL_PB_NO,PBL_TYPE) values (65,'bsj1234@naver.com',67,1);
Insert into ADMIN.TMI_PLANNER_BOARD_LOVE (PBL_NO,PBL_M_EMAIL,PBL_PB_NO,PBL_TYPE) values (69,'tan1234@naver.com',67,1);
Insert into ADMIN.TMI_PLANNER_BOARD_LOVE (PBL_NO,PBL_M_EMAIL,PBL_PB_NO,PBL_TYPE) values (74,'munji@naver.com',67,1);
REM INSERTING into ADMIN.TMI_PLANNER_PLAN
SET DEFINE OFF;
Insert into ADMIN.TMI_PLANNER_PLAN (PP_NO,PP_P_NO,PP_TIME,PP_PLACE_NAME,PP_MEMO,PP_X,PP_Y,PP_DATE) values (393,272,to_timestamp('70/01/01 14:00:00.000000000','RR/MM/DD HH24:MI:SSXFF'),'KH정보교육원 강남지원 1관',null,'127.03285','37.498936',to_date('22/09/01','RR/MM/DD'));
Insert into ADMIN.TMI_PLANNER_PLAN (PP_NO,PP_P_NO,PP_TIME,PP_PLACE_NAME,PP_MEMO,PP_X,PP_Y,PP_DATE) values (394,272,to_timestamp('70/01/01 15:40:00.000000000','RR/MM/DD HH24:MI:SSXFF'),'CGV 강남',null,'127.02639','37.501656',to_date('22/09/01','RR/MM/DD'));
Insert into ADMIN.TMI_PLANNER_PLAN (PP_NO,PP_P_NO,PP_TIME,PP_PLACE_NAME,PP_MEMO,PP_X,PP_Y,PP_DATE) values (395,272,to_timestamp('70/01/01 16:30:00.000000000','RR/MM/DD HH24:MI:SSXFF'),'다이소 강남본점',null,'127.029045','37.49595',to_date('22/09/01','RR/MM/DD'));
Insert into ADMIN.TMI_PLANNER_PLAN (PP_NO,PP_P_NO,PP_TIME,PP_PLACE_NAME,PP_MEMO,PP_X,PP_Y,PP_DATE) values (396,272,to_timestamp('70/01/01 15:10:00.000000000','RR/MM/DD HH24:MI:SSXFF'),'신라스테이 역삼',null,'127.041306','37.504974',to_date('22/09/02','RR/MM/DD'));
Insert into ADMIN.TMI_PLANNER_PLAN (PP_NO,PP_P_NO,PP_TIME,PP_PLACE_NAME,PP_MEMO,PP_X,PP_Y,PP_DATE) values (397,272,to_timestamp('70/01/01 14:05:00.000000000','RR/MM/DD HH24:MI:SSXFF'),'영풍문고 강남역점',null,'127.02743','37.49916',to_date('22/09/02','RR/MM/DD'));
Insert into ADMIN.TMI_PLANNER_PLAN (PP_NO,PP_P_NO,PP_TIME,PP_PLACE_NAME,PP_MEMO,PP_X,PP_Y,PP_DATE) values (398,272,to_timestamp('70/01/01 14:10:00.000000000','RR/MM/DD HH24:MI:SSXFF'),'홍대입구역 2호선',null,'126.92378','37.55687',to_date('22/09/03','RR/MM/DD'));
Insert into ADMIN.TMI_PLANNER_PLAN (PP_NO,PP_P_NO,PP_TIME,PP_PLACE_NAME,PP_MEMO,PP_X,PP_Y,PP_DATE) values (399,272,to_timestamp('70/01/01 23:10:00.000000000','RR/MM/DD HH24:MI:SSXFF'),'CGV 홍대',null,'126.92262','37.556503',to_date('22/09/03','RR/MM/DD'));
Insert into ADMIN.TMI_PLANNER_PLAN (PP_NO,PP_P_NO,PP_TIME,PP_PLACE_NAME,PP_MEMO,PP_X,PP_Y,PP_DATE) values (400,272,to_timestamp('70/01/01 14:05:00.000000000','RR/MM/DD HH24:MI:SSXFF'),'홍대패션거리',null,'126.923584','37.555397',to_date('22/09/04','RR/MM/DD'));
Insert into ADMIN.TMI_PLANNER_PLAN (PP_NO,PP_P_NO,PP_TIME,PP_PLACE_NAME,PP_MEMO,PP_X,PP_Y,PP_DATE) values (697,399,to_timestamp('70/01/01 00:13:00.000000000','RR/MM/DD HH24:MI:SSXFF'),'김포국제공항 국내선',null,'126.802864','37.55895',to_date('22/08/30','RR/MM/DD'));
Insert into ADMIN.TMI_PLANNER_PLAN (PP_NO,PP_P_NO,PP_TIME,PP_PLACE_NAME,PP_MEMO,PP_X,PP_Y,PP_DATE) values (698,399,to_timestamp('70/01/01 03:19:00.000000000','RR/MM/DD HH24:MI:SSXFF'),'제주국제공항',null,'126.49277','33.50708',to_date('22/08/31','RR/MM/DD'));
Insert into ADMIN.TMI_PLANNER_PLAN (PP_NO,PP_P_NO,PP_TIME,PP_PLACE_NAME,PP_MEMO,PP_X,PP_Y,PP_DATE) values (699,399,to_timestamp('70/01/01 02:18:00.000000000','RR/MM/DD HH24:MI:SSXFF'),'올레길 16코스(고내-광령 올레)',null,'126.38979','33.4665',to_date('22/09/01','RR/MM/DD'));
Insert into ADMIN.TMI_PLANNER_PLAN (PP_NO,PP_P_NO,PP_TIME,PP_PLACE_NAME,PP_MEMO,PP_X,PP_Y,PP_DATE) values (700,399,to_timestamp('70/01/01 05:19:00.000000000','RR/MM/DD HH24:MI:SSXFF'),'제주도서핑샵 문서프',null,'126.308365','33.450085',to_date('22/09/02','RR/MM/DD'));
Insert into ADMIN.TMI_PLANNER_PLAN (PP_NO,PP_P_NO,PP_TIME,PP_PLACE_NAME,PP_MEMO,PP_X,PP_Y,PP_DATE) values (35247,418,to_timestamp('70/01/01 00:00:00.000000000','RR/MM/DD HH24:MI:SSXFF'),'울산KH정보교육원','1','129.3108','35.535015',to_date('22/08/01','RR/MM/DD'));
Insert into ADMIN.TMI_PLANNER_PLAN (PP_NO,PP_P_NO,PP_TIME,PP_PLACE_NAME,PP_MEMO,PP_X,PP_Y,PP_DATE) values (35248,418,to_timestamp('70/01/01 00:00:00.000000000','RR/MM/DD HH24:MI:SSXFF'),'울산KH정보교육원','2','129.3108','35.535015',to_date('22/08/01','RR/MM/DD'));
Insert into ADMIN.TMI_PLANNER_PLAN (PP_NO,PP_P_NO,PP_TIME,PP_PLACE_NAME,PP_MEMO,PP_X,PP_Y,PP_DATE) values (35249,418,to_timestamp('70/01/01 00:00:00.000000000','RR/MM/DD HH24:MI:SSXFF'),'KH정보교육원 강남지원 1관','3','127.03285','37.498936',to_date('22/08/01','RR/MM/DD'));
Insert into ADMIN.TMI_PLANNER_PLAN (PP_NO,PP_P_NO,PP_TIME,PP_PLACE_NAME,PP_MEMO,PP_X,PP_Y,PP_DATE) values (35250,418,to_timestamp('70/01/01 00:00:00.000000000','RR/MM/DD HH24:MI:SSXFF'),'KH정보교육원 강남지원 1관','4','127.03285','37.498936',to_date('22/08/01','RR/MM/DD'));
Insert into ADMIN.TMI_PLANNER_PLAN (PP_NO,PP_P_NO,PP_TIME,PP_PLACE_NAME,PP_MEMO,PP_X,PP_Y,PP_DATE) values (35251,418,to_timestamp('70/01/01 00:00:00.000000000','RR/MM/DD HH24:MI:SSXFF'),'KH정보교육원 종로지원','1','126.98313','37.567917',to_date('22/08/02','RR/MM/DD'));
Insert into ADMIN.TMI_PLANNER_PLAN (PP_NO,PP_P_NO,PP_TIME,PP_PLACE_NAME,PP_MEMO,PP_X,PP_Y,PP_DATE) values (35252,418,to_timestamp('70/01/01 00:00:00.000000000','RR/MM/DD HH24:MI:SSXFF'),'KH정보교육원 종로지원','2','126.98313','37.567917',to_date('22/08/02','RR/MM/DD'));
Insert into ADMIN.TMI_PLANNER_PLAN (PP_NO,PP_P_NO,PP_TIME,PP_PLACE_NAME,PP_MEMO,PP_X,PP_Y,PP_DATE) values (35253,418,to_timestamp('70/01/01 00:00:00.000000000','RR/MM/DD HH24:MI:SSXFF'),'KH정보교육원 당산지원','3','126.89676','37.53391',to_date('22/08/02','RR/MM/DD'));
Insert into ADMIN.TMI_PLANNER_PLAN (PP_NO,PP_P_NO,PP_TIME,PP_PLACE_NAME,PP_MEMO,PP_X,PP_Y,PP_DATE) values (35254,418,to_timestamp('70/01/01 00:00:00.000000000','RR/MM/DD HH24:MI:SSXFF'),'KH정보교육원 당산지원','4','126.89676','37.53391',to_date('22/08/02','RR/MM/DD'));
Insert into ADMIN.TMI_PLANNER_PLAN (PP_NO,PP_P_NO,PP_TIME,PP_PLACE_NAME,PP_MEMO,PP_X,PP_Y,PP_DATE) values (35255,419,to_timestamp('70/01/01 00:00:00.000000000','RR/MM/DD HH24:MI:SSXFF'),'KH정보교육원 강남지원 1관',null,'127.03285','37.498936',to_date('22/09/01','RR/MM/DD'));
Insert into ADMIN.TMI_PLANNER_PLAN (PP_NO,PP_P_NO,PP_TIME,PP_PLACE_NAME,PP_MEMO,PP_X,PP_Y,PP_DATE) values (35256,419,to_timestamp('70/01/01 00:00:00.000000000','RR/MM/DD HH24:MI:SSXFF'),'CGV 강남',null,'127.02639','37.501656',to_date('22/09/01','RR/MM/DD'));
Insert into ADMIN.TMI_PLANNER_PLAN (PP_NO,PP_P_NO,PP_TIME,PP_PLACE_NAME,PP_MEMO,PP_X,PP_Y,PP_DATE) values (35257,419,to_timestamp('70/01/01 00:00:00.000000000','RR/MM/DD HH24:MI:SSXFF'),'다이소 강남본점',null,'127.029045','37.49595',to_date('22/09/01','RR/MM/DD'));
Insert into ADMIN.TMI_PLANNER_PLAN (PP_NO,PP_P_NO,PP_TIME,PP_PLACE_NAME,PP_MEMO,PP_X,PP_Y,PP_DATE) values (35258,419,to_timestamp('70/01/01 00:00:00.000000000','RR/MM/DD HH24:MI:SSXFF'),'신라스테이 역삼',null,'127.041306','37.504974',to_date('22/09/02','RR/MM/DD'));
Insert into ADMIN.TMI_PLANNER_PLAN (PP_NO,PP_P_NO,PP_TIME,PP_PLACE_NAME,PP_MEMO,PP_X,PP_Y,PP_DATE) values (35259,419,to_timestamp('70/01/01 00:00:00.000000000','RR/MM/DD HH24:MI:SSXFF'),'영풍문고 강남역점',null,'127.02743','37.49916',to_date('22/09/02','RR/MM/DD'));
Insert into ADMIN.TMI_PLANNER_PLAN (PP_NO,PP_P_NO,PP_TIME,PP_PLACE_NAME,PP_MEMO,PP_X,PP_Y,PP_DATE) values (35260,419,to_timestamp('70/01/01 00:00:00.000000000','RR/MM/DD HH24:MI:SSXFF'),'홍대입구역 2호선',null,'126.92378','37.55687',to_date('22/09/03','RR/MM/DD'));
Insert into ADMIN.TMI_PLANNER_PLAN (PP_NO,PP_P_NO,PP_TIME,PP_PLACE_NAME,PP_MEMO,PP_X,PP_Y,PP_DATE) values (35261,419,to_timestamp('70/01/01 00:00:00.000000000','RR/MM/DD HH24:MI:SSXFF'),'CGV 홍대',null,'126.92262','37.556503',to_date('22/09/03','RR/MM/DD'));
Insert into ADMIN.TMI_PLANNER_PLAN (PP_NO,PP_P_NO,PP_TIME,PP_PLACE_NAME,PP_MEMO,PP_X,PP_Y,PP_DATE) values (35262,419,to_timestamp('70/01/01 00:00:00.000000000','RR/MM/DD HH24:MI:SSXFF'),'홍대패션거리',null,'126.923584','37.555397',to_date('22/09/04','RR/MM/DD'));
Insert into ADMIN.TMI_PLANNER_PLAN (PP_NO,PP_P_NO,PP_TIME,PP_PLACE_NAME,PP_MEMO,PP_X,PP_Y,PP_DATE) values (35263,420,to_timestamp('70/01/01 00:00:00.000000000','RR/MM/DD HH24:MI:SSXFF'),'울산KH정보교육원','1','129.3108','35.535015',to_date('22/08/01','RR/MM/DD'));
Insert into ADMIN.TMI_PLANNER_PLAN (PP_NO,PP_P_NO,PP_TIME,PP_PLACE_NAME,PP_MEMO,PP_X,PP_Y,PP_DATE) values (35264,420,to_timestamp('70/01/01 00:00:00.000000000','RR/MM/DD HH24:MI:SSXFF'),'울산KH정보교육원','2','129.3108','35.535015',to_date('22/08/01','RR/MM/DD'));
Insert into ADMIN.TMI_PLANNER_PLAN (PP_NO,PP_P_NO,PP_TIME,PP_PLACE_NAME,PP_MEMO,PP_X,PP_Y,PP_DATE) values (35265,420,to_timestamp('70/01/01 00:00:00.000000000','RR/MM/DD HH24:MI:SSXFF'),'KH정보교육원 강남지원 1관','3','127.03285','37.498936',to_date('22/08/01','RR/MM/DD'));
Insert into ADMIN.TMI_PLANNER_PLAN (PP_NO,PP_P_NO,PP_TIME,PP_PLACE_NAME,PP_MEMO,PP_X,PP_Y,PP_DATE) values (35266,420,to_timestamp('70/01/01 00:00:00.000000000','RR/MM/DD HH24:MI:SSXFF'),'KH정보교육원 강남지원 1관','4','127.03285','37.498936',to_date('22/08/01','RR/MM/DD'));
Insert into ADMIN.TMI_PLANNER_PLAN (PP_NO,PP_P_NO,PP_TIME,PP_PLACE_NAME,PP_MEMO,PP_X,PP_Y,PP_DATE) values (35267,420,to_timestamp('70/01/01 00:00:00.000000000','RR/MM/DD HH24:MI:SSXFF'),'KH정보교육원 종로지원','1','126.98313','37.567917',to_date('22/08/02','RR/MM/DD'));
Insert into ADMIN.TMI_PLANNER_PLAN (PP_NO,PP_P_NO,PP_TIME,PP_PLACE_NAME,PP_MEMO,PP_X,PP_Y,PP_DATE) values (35268,420,to_timestamp('70/01/01 00:00:00.000000000','RR/MM/DD HH24:MI:SSXFF'),'KH정보교육원 종로지원','2','126.98313','37.567917',to_date('22/08/02','RR/MM/DD'));
Insert into ADMIN.TMI_PLANNER_PLAN (PP_NO,PP_P_NO,PP_TIME,PP_PLACE_NAME,PP_MEMO,PP_X,PP_Y,PP_DATE) values (35269,420,to_timestamp('70/01/01 00:00:00.000000000','RR/MM/DD HH24:MI:SSXFF'),'KH정보교육원 당산지원','3','126.89676','37.53391',to_date('22/08/02','RR/MM/DD'));
Insert into ADMIN.TMI_PLANNER_PLAN (PP_NO,PP_P_NO,PP_TIME,PP_PLACE_NAME,PP_MEMO,PP_X,PP_Y,PP_DATE) values (35270,420,to_timestamp('70/01/01 00:00:00.000000000','RR/MM/DD HH24:MI:SSXFF'),'KH정보교육원 당산지원','4','126.89676','37.53391',to_date('22/08/02','RR/MM/DD'));
Insert into ADMIN.TMI_PLANNER_PLAN (PP_NO,PP_P_NO,PP_TIME,PP_PLACE_NAME,PP_MEMO,PP_X,PP_Y,PP_DATE) values (35283,426,to_timestamp('70/01/01 23:44:00.000000000','RR/MM/DD HH24:MI:SSXFF'),'역삼역 2호선','1','127.03647','37.500675',to_date('22/09/01','RR/MM/DD'));
Insert into ADMIN.TMI_PLANNER_PLAN (PP_NO,PP_P_NO,PP_TIME,PP_PLACE_NAME,PP_MEMO,PP_X,PP_Y,PP_DATE) values (35284,426,to_timestamp('70/01/01 23:45:00.000000000','RR/MM/DD HH24:MI:SSXFF'),'역삼역센트럴푸르지오시티오피스텔','2','127.04066','37.50091',to_date('22/09/01','RR/MM/DD'));
Insert into ADMIN.TMI_PLANNER_PLAN (PP_NO,PP_P_NO,PP_TIME,PP_PLACE_NAME,PP_MEMO,PP_X,PP_Y,PP_DATE) values (35285,426,to_timestamp('70/01/01 23:48:00.000000000','RR/MM/DD HH24:MI:SSXFF'),'강남역 2호선','3','127.028','37.498085',to_date('22/09/01','RR/MM/DD'));
Insert into ADMIN.TMI_PLANNER_PLAN (PP_NO,PP_P_NO,PP_TIME,PP_PLACE_NAME,PP_MEMO,PP_X,PP_Y,PP_DATE) values (35286,426,to_timestamp('70/01/01 23:44:00.000000000','RR/MM/DD HH24:MI:SSXFF'),'언주역 9호선','1','127.03397','37.507336',to_date('22/09/02','RR/MM/DD'));
Insert into ADMIN.TMI_PLANNER_PLAN (PP_NO,PP_P_NO,PP_TIME,PP_PLACE_NAME,PP_MEMO,PP_X,PP_Y,PP_DATE) values (35287,426,to_timestamp('70/01/01 23:46:00.000000000','RR/MM/DD HH24:MI:SSXFF'),'준오헤어 강남역스퀘어점','2','127.02806','37.498623',to_date('22/09/02','RR/MM/DD'));
Insert into ADMIN.TMI_PLANNER_PLAN (PP_NO,PP_P_NO,PP_TIME,PP_PLACE_NAME,PP_MEMO,PP_X,PP_Y,PP_DATE) values (35338,472,to_timestamp('70/01/01 09:00:00.000000000','RR/MM/DD HH24:MI:SSXFF'),'KH정보교육원 강남지원2관','출석체크','127.032616','37.498535',to_date('22/08/29','RR/MM/DD'));
Insert into ADMIN.TMI_PLANNER_PLAN (PP_NO,PP_P_NO,PP_TIME,PP_PLACE_NAME,PP_MEMO,PP_X,PP_Y,PP_DATE) values (35320,463,to_timestamp('70/01/01 23:11:00.000000000','RR/MM/DD HH24:MI:SSXFF'),'스타벅스 부천신중동역','1','126.77408','37.503933',to_date('22/08/29','RR/MM/DD'));
Insert into ADMIN.TMI_PLANNER_PLAN (PP_NO,PP_P_NO,PP_TIME,PP_PLACE_NAME,PP_MEMO,PP_X,PP_Y,PP_DATE) values (35321,463,to_timestamp('70/01/01 14:09:00.000000000','RR/MM/DD HH24:MI:SSXFF'),'신중동역칙칙폭폭도서관','2','126.77689','37.50297',to_date('22/08/29','RR/MM/DD'));
Insert into ADMIN.TMI_PLANNER_PLAN (PP_NO,PP_P_NO,PP_TIME,PP_PLACE_NAME,PP_MEMO,PP_X,PP_Y,PP_DATE) values (35322,463,to_timestamp('70/01/01 23:11:00.000000000','RR/MM/DD HH24:MI:SSXFF'),'이니스프리 신중동역점','3','126.776215','37.50165',to_date('22/08/29','RR/MM/DD'));
Insert into ADMIN.TMI_PLANNER_PLAN (PP_NO,PP_P_NO,PP_TIME,PP_PLACE_NAME,PP_MEMO,PP_X,PP_Y,PP_DATE) values (35323,463,to_timestamp('70/01/01 02:09:00.000000000','RR/MM/DD HH24:MI:SSXFF'),'티지필라테스 신중동역점','4','126.77464','37.501595',to_date('22/08/29','RR/MM/DD'));
Insert into ADMIN.TMI_PLANNER_PLAN (PP_NO,PP_P_NO,PP_TIME,PP_PLACE_NAME,PP_MEMO,PP_X,PP_Y,PP_DATE) values (35352,478,to_timestamp('70/01/01 09:30:00.000000000','RR/MM/DD HH24:MI:SSXFF'),'사당역 2호선','출발','126.98156','37.476562',to_date('22/08/30','RR/MM/DD'));
Insert into ADMIN.TMI_PLANNER_PLAN (PP_NO,PP_P_NO,PP_TIME,PP_PLACE_NAME,PP_MEMO,PP_X,PP_Y,PP_DATE) values (35353,478,to_timestamp('70/01/01 13:00:00.000000000','RR/MM/DD HH24:MI:SSXFF'),'지린성','점심식사 ','126.71396','35.979656',to_date('22/08/30','RR/MM/DD'));
Insert into ADMIN.TMI_PLANNER_PLAN (PP_NO,PP_P_NO,PP_TIME,PP_PLACE_NAME,PP_MEMO,PP_X,PP_Y,PP_DATE) values (35354,478,to_timestamp('70/01/01 14:30:00.000000000','RR/MM/DD HH24:MI:SSXFF'),'새만금방조제','바다구경','126.51668','35.895084',to_date('22/08/30','RR/MM/DD'));
Insert into ADMIN.TMI_PLANNER_PLAN (PP_NO,PP_P_NO,PP_TIME,PP_PLACE_NAME,PP_MEMO,PP_X,PP_Y,PP_DATE) values (35355,478,to_timestamp('70/01/01 19:01:00.000000000','RR/MM/DD HH24:MI:SSXFF'),'보안식당','쫄면맛집','126.85024','35.56874',to_date('22/08/30','RR/MM/DD'));
Insert into ADMIN.TMI_PLANNER_PLAN (PP_NO,PP_P_NO,PP_TIME,PP_PLACE_NAME,PP_MEMO,PP_X,PP_Y,PP_DATE) values (35356,478,null,'고려당','익산 메밀국수 맛집','126.95234','35.938305',to_date('22/08/31','RR/MM/DD'));
Insert into ADMIN.TMI_PLANNER_PLAN (PP_NO,PP_P_NO,PP_TIME,PP_PLACE_NAME,PP_MEMO,PP_X,PP_Y,PP_DATE) values (35357,478,null,'사당역 2호선','혼나니까 빠르게 귀가','126.98156','37.476562',to_date('22/08/31','RR/MM/DD'));
Insert into ADMIN.TMI_PLANNER_PLAN (PP_NO,PP_P_NO,PP_TIME,PP_PLACE_NAME,PP_MEMO,PP_X,PP_Y,PP_DATE) values (35308,454,to_timestamp('70/01/01 22:50:00.000000000','RR/MM/DD HH24:MI:SSXFF'),'KH정보교육원 강남지원2관',null,'127.032616','37.498535',to_date('22/08/29','RR/MM/DD'));
Insert into ADMIN.TMI_PLANNER_PLAN (PP_NO,PP_P_NO,PP_TIME,PP_PLACE_NAME,PP_MEMO,PP_X,PP_Y,PP_DATE) values (35309,454,to_timestamp('70/01/01 15:53:00.000000000','RR/MM/DD HH24:MI:SSXFF'),'역삼역 2호선',null,'127.03647','37.500675',to_date('22/08/30','RR/MM/DD'));
Insert into ADMIN.TMI_PLANNER_PLAN (PP_NO,PP_P_NO,PP_TIME,PP_PLACE_NAME,PP_MEMO,PP_X,PP_Y,PP_DATE) values (35346,475,null,'양양임시휴게소 속초방향',null,'128.76811','37.93584',to_date('22/09/01','RR/MM/DD'));
Insert into ADMIN.TMI_PLANNER_PLAN (PP_NO,PP_P_NO,PP_TIME,PP_PLACE_NAME,PP_MEMO,PP_X,PP_Y,PP_DATE) values (35347,475,null,'강릉짬뽕순두부 강릉본점',null,'128.91745','37.792614',to_date('22/09/01','RR/MM/DD'));
Insert into ADMIN.TMI_PLANNER_PLAN (PP_NO,PP_P_NO,PP_TIME,PP_PLACE_NAME,PP_MEMO,PP_X,PP_Y,PP_DATE) values (35348,475,null,'곳',null,'128.87263','37.843372',to_date('22/09/01','RR/MM/DD'));
Insert into ADMIN.TMI_PLANNER_PLAN (PP_NO,PP_P_NO,PP_TIME,PP_PLACE_NAME,PP_MEMO,PP_X,PP_Y,PP_DATE) values (35349,475,null,'휴휴암',null,'128.76765','37.96122',to_date('22/09/02','RR/MM/DD'));
Insert into ADMIN.TMI_PLANNER_PLAN (PP_NO,PP_P_NO,PP_TIME,PP_PLACE_NAME,PP_MEMO,PP_X,PP_Y,PP_DATE) values (35350,475,null,'남애항',null,'128.7874','37.94449',to_date('22/09/02','RR/MM/DD'));
Insert into ADMIN.TMI_PLANNER_PLAN (PP_NO,PP_P_NO,PP_TIME,PP_PLACE_NAME,PP_MEMO,PP_X,PP_Y,PP_DATE) values (35351,475,null,'안목해변',null,'128.94827','37.772263',to_date('22/09/02','RR/MM/DD'));
Insert into ADMIN.TMI_PLANNER_PLAN (PP_NO,PP_P_NO,PP_TIME,PP_PLACE_NAME,PP_MEMO,PP_X,PP_Y,PP_DATE) values (35316,461,to_timestamp('70/01/01 23:12:00.000000000','RR/MM/DD HH24:MI:SSXFF'),'홍대입구역 2호선','ㅎㅎ','126.92378','37.55687',to_date('22/09/01','RR/MM/DD'));
Insert into ADMIN.TMI_PLANNER_PLAN (PP_NO,PP_P_NO,PP_TIME,PP_PLACE_NAME,PP_MEMO,PP_X,PP_Y,PP_DATE) values (35317,461,to_timestamp('70/01/01 23:11:00.000000000','RR/MM/DD HH24:MI:SSXFF'),'홍대입구역 공항철도','22','126.92701','37.557304',to_date('22/09/01','RR/MM/DD'));
Insert into ADMIN.TMI_PLANNER_PLAN (PP_NO,PP_P_NO,PP_TIME,PP_PLACE_NAME,PP_MEMO,PP_X,PP_Y,PP_DATE) values (35318,461,to_timestamp('70/01/01 23:13:00.000000000','RR/MM/DD HH24:MI:SSXFF'),'더피자보이즈 홍대입구역점','11','126.92606','37.55526',to_date('22/09/02','RR/MM/DD'));
Insert into ADMIN.TMI_PLANNER_PLAN (PP_NO,PP_P_NO,PP_TIME,PP_PLACE_NAME,PP_MEMO,PP_X,PP_Y,PP_DATE) values (35319,461,to_timestamp('70/01/01 14:09:00.000000000','RR/MM/DD HH24:MI:SSXFF'),'홍대입구역사거리','22','126.92148','37.555225',to_date('22/09/02','RR/MM/DD'));
Insert into ADMIN.TMI_PLANNER_PLAN (PP_NO,PP_P_NO,PP_TIME,PP_PLACE_NAME,PP_MEMO,PP_X,PP_Y,PP_DATE) values (35324,465,null,'올레길 7코스(서귀포-월평 올레)',null,'126.51531','33.237385',to_date('22/09/01','RR/MM/DD'));
Insert into ADMIN.TMI_PLANNER_PLAN (PP_NO,PP_P_NO,PP_TIME,PP_PLACE_NAME,PP_MEMO,PP_X,PP_Y,PP_DATE) values (35325,465,null,'올레길 6코스(쇠소깍-서귀포 올레)',null,'126.59231','33.241272',to_date('22/09/02','RR/MM/DD'));
Insert into ADMIN.TMI_PLANNER_PLAN (PP_NO,PP_P_NO,PP_TIME,PP_PLACE_NAME,PP_MEMO,PP_X,PP_Y,PP_DATE) values (35326,465,null,'올레길 17코스(광령-제주원도심 올레)',null,'126.4726','33.50564',to_date('22/09/04','RR/MM/DD'));
Insert into ADMIN.TMI_PLANNER_PLAN (PP_NO,PP_P_NO,PP_TIME,PP_PLACE_NAME,PP_MEMO,PP_X,PP_Y,PP_DATE) values (35327,465,null,'올레길 10코스(화순-모슬포 올레)',null,'126.29321','33.216892',to_date('22/09/04','RR/MM/DD'));
Insert into ADMIN.TMI_PLANNER_PLAN (PP_NO,PP_P_NO,PP_TIME,PP_PLACE_NAME,PP_MEMO,PP_X,PP_Y,PP_DATE) values (35328,465,null,'올레길 13코스(용수-저지 올레)',null,'126.2123','33.328625',to_date('22/09/05','RR/MM/DD'));
Insert into ADMIN.TMI_PLANNER_PLAN (PP_NO,PP_P_NO,PP_TIME,PP_PLACE_NAME,PP_MEMO,PP_X,PP_Y,PP_DATE) values (35329,465,null,'올레길 20코스(김녕-하도 올레)',null,'126.80547','33.554245',to_date('22/09/06','RR/MM/DD'));
Insert into ADMIN.TMI_PLANNER_PLAN (PP_NO,PP_P_NO,PP_TIME,PP_PLACE_NAME,PP_MEMO,PP_X,PP_Y,PP_DATE) values (35330,465,null,'올레길 19코스(조천-김녕 올레)',null,'126.689','33.54625',to_date('22/09/07','RR/MM/DD'));
Insert into ADMIN.TMI_PLANNER_PLAN (PP_NO,PP_P_NO,PP_TIME,PP_PLACE_NAME,PP_MEMO,PP_X,PP_Y,PP_DATE) values (35331,466,to_timestamp('70/01/01 00:00:00.000000000','RR/MM/DD HH24:MI:SSXFF'),'스타벅스 부천신중동역','1','126.77408','37.503933',to_date('22/08/29','RR/MM/DD'));
Insert into ADMIN.TMI_PLANNER_PLAN (PP_NO,PP_P_NO,PP_TIME,PP_PLACE_NAME,PP_MEMO,PP_X,PP_Y,PP_DATE) values (35332,466,to_timestamp('70/01/01 00:00:00.000000000','RR/MM/DD HH24:MI:SSXFF'),'신중동역칙칙폭폭도서관','2','126.77689','37.50297',to_date('22/08/29','RR/MM/DD'));
Insert into ADMIN.TMI_PLANNER_PLAN (PP_NO,PP_P_NO,PP_TIME,PP_PLACE_NAME,PP_MEMO,PP_X,PP_Y,PP_DATE) values (35333,466,to_timestamp('70/01/01 00:00:00.000000000','RR/MM/DD HH24:MI:SSXFF'),'이니스프리 신중동역점','3','126.776215','37.50165',to_date('22/08/29','RR/MM/DD'));
Insert into ADMIN.TMI_PLANNER_PLAN (PP_NO,PP_P_NO,PP_TIME,PP_PLACE_NAME,PP_MEMO,PP_X,PP_Y,PP_DATE) values (35334,466,to_timestamp('70/01/01 00:00:00.000000000','RR/MM/DD HH24:MI:SSXFF'),'티지필라테스 신중동역점','4','126.77464','37.501595',to_date('22/08/29','RR/MM/DD'));
Insert into ADMIN.TMI_PLANNER_PLAN (PP_NO,PP_P_NO,PP_TIME,PP_PLACE_NAME,PP_MEMO,PP_X,PP_Y,PP_DATE) values (35335,467,to_timestamp('70/01/01 17:20:00.000000000','RR/MM/DD HH24:MI:SSXFF'),'잠실종합운동장 잠실야구장','야구장','127.07191','37.51215',to_date('22/08/27','RR/MM/DD'));
Insert into ADMIN.TMI_PLANNER_PLAN (PP_NO,PP_P_NO,PP_TIME,PP_PLACE_NAME,PP_MEMO,PP_X,PP_Y,PP_DATE) values (35336,470,null,'강릉짬뽕순두부 강릉본점',null,'128.91745','37.792614',to_date('22/08/29','RR/MM/DD'));
Insert into ADMIN.TMI_PLANNER_PLAN (PP_NO,PP_P_NO,PP_TIME,PP_PLACE_NAME,PP_MEMO,PP_X,PP_Y,PP_DATE) values (35337,470,null,'곳카페',null,'128.64651','35.945',to_date('22/08/30','RR/MM/DD'));
Insert into ADMIN.TMI_PLANNER_PLAN (PP_NO,PP_P_NO,PP_TIME,PP_PLACE_NAME,PP_MEMO,PP_X,PP_Y,PP_DATE) values (35339,473,null,'제주동문재래시장',null,'126.52602','33.511585',to_date('22/09/06','RR/MM/DD'));
Insert into ADMIN.TMI_PLANNER_PLAN (PP_NO,PP_P_NO,PP_TIME,PP_PLACE_NAME,PP_MEMO,PP_X,PP_Y,PP_DATE) values (35340,473,null,'도두동무지개해안도로',null,'126.47134','33.509117',to_date('22/09/06','RR/MM/DD'));
Insert into ADMIN.TMI_PLANNER_PLAN (PP_NO,PP_P_NO,PP_TIME,PP_PLACE_NAME,PP_MEMO,PP_X,PP_Y,PP_DATE) values (35341,473,null,'이호테우해수욕장',null,'126.45269','33.497375',to_date('22/09/06','RR/MM/DD'));
Insert into ADMIN.TMI_PLANNER_PLAN (PP_NO,PP_P_NO,PP_TIME,PP_PLACE_NAME,PP_MEMO,PP_X,PP_Y,PP_DATE) values (35342,473,null,'애월해안도로',null,'126.368675','33.478123',to_date('22/09/07','RR/MM/DD'));
Insert into ADMIN.TMI_PLANNER_PLAN (PP_NO,PP_P_NO,PP_TIME,PP_PLACE_NAME,PP_MEMO,PP_X,PP_Y,PP_DATE) values (35343,473,null,'한담해변',null,'126.31018','33.462227',to_date('22/09/07','RR/MM/DD'));
Insert into ADMIN.TMI_PLANNER_PLAN (PP_NO,PP_P_NO,PP_TIME,PP_PLACE_NAME,PP_MEMO,PP_X,PP_Y,PP_DATE) values (35344,473,null,'곽지해수욕장',null,'126.30467','33.450657',to_date('22/09/07','RR/MM/DD'));
Insert into ADMIN.TMI_PLANNER_PLAN (PP_NO,PP_P_NO,PP_TIME,PP_PLACE_NAME,PP_MEMO,PP_X,PP_Y,PP_DATE) values (35345,473,null,'성이시돌목장',null,'126.327324','33.34777',to_date('22/09/07','RR/MM/DD'));
REM INSERTING into ADMIN.TMI_REVIEW_BOARD
SET DEFINE OFF;
Insert into ADMIN.TMI_REVIEW_BOARD (RB_NO,RB_P_NO,RB_M_EMAIL,RB_TITLE,RB_CREATED_AT,RB_UPDATED_AT,RB_READ_COUNT) values (76,463,'ym1234@naver.com','우리 집에 백숙이 살고 있어요',to_date('22/08/25','RR/MM/DD'),to_date('22/08/25','RR/MM/DD'),7);
Insert into ADMIN.TMI_REVIEW_BOARD (RB_NO,RB_P_NO,RB_M_EMAIL,RB_TITLE,RB_CREATED_AT,RB_UPDATED_AT,RB_READ_COUNT) values (75,463,'ym1234@naver.com','우리집 선인장 보러 오지 않을래?',to_date('22/08/25','RR/MM/DD'),to_date('22/08/25','RR/MM/DD'),2);
Insert into ADMIN.TMI_REVIEW_BOARD (RB_NO,RB_P_NO,RB_M_EMAIL,RB_TITLE,RB_CREATED_AT,RB_UPDATED_AT,RB_READ_COUNT) values (62,419,'honggd@naver.com','ㅁ2',to_date('22/08/23','RR/MM/DD'),to_date('22/08/23','RR/MM/DD'),0);
Insert into ADMIN.TMI_REVIEW_BOARD (RB_NO,RB_P_NO,RB_M_EMAIL,RB_TITLE,RB_CREATED_AT,RB_UPDATED_AT,RB_READ_COUNT) values (61,419,'honggd@naver.com','ㅁ1',to_date('22/08/23','RR/MM/DD'),to_date('22/08/23','RR/MM/DD'),1);
Insert into ADMIN.TMI_REVIEW_BOARD (RB_NO,RB_P_NO,RB_M_EMAIL,RB_TITLE,RB_CREATED_AT,RB_UPDATED_AT,RB_READ_COUNT) values (63,0,'honggd@naver.com','ㅁ3',to_date('22/08/23','RR/MM/DD'),to_date('22/08/23','RR/MM/DD'),3);
Insert into ADMIN.TMI_REVIEW_BOARD (RB_NO,RB_P_NO,RB_M_EMAIL,RB_TITLE,RB_CREATED_AT,RB_UPDATED_AT,RB_READ_COUNT) values (64,419,'honggd@naver.com','ㅁ4',to_date('22/08/23','RR/MM/DD'),to_date('22/08/23','RR/MM/DD'),2);
Insert into ADMIN.TMI_REVIEW_BOARD (RB_NO,RB_P_NO,RB_M_EMAIL,RB_TITLE,RB_CREATED_AT,RB_UPDATED_AT,RB_READ_COUNT) values (65,419,'honggd@naver.com','ㅁ5',to_date('22/08/23','RR/MM/DD'),to_date('22/08/23','RR/MM/DD'),1);
Insert into ADMIN.TMI_REVIEW_BOARD (RB_NO,RB_P_NO,RB_M_EMAIL,RB_TITLE,RB_CREATED_AT,RB_UPDATED_AT,RB_READ_COUNT) values (66,420,'honggd@naver.com','ㅁ6',to_date('22/08/23','RR/MM/DD'),to_date('22/08/23','RR/MM/DD'),2);
Insert into ADMIN.TMI_REVIEW_BOARD (RB_NO,RB_P_NO,RB_M_EMAIL,RB_TITLE,RB_CREATED_AT,RB_UPDATED_AT,RB_READ_COUNT) values (67,420,'honggd@naver.com','ㅁ7',to_date('22/08/23','RR/MM/DD'),to_date('22/08/23','RR/MM/DD'),4);
Insert into ADMIN.TMI_REVIEW_BOARD (RB_NO,RB_P_NO,RB_M_EMAIL,RB_TITLE,RB_CREATED_AT,RB_UPDATED_AT,RB_READ_COUNT) values (68,419,'honggd@naver.com','css 수정 예시',to_date('22/08/24','RR/MM/DD'),to_date('22/08/24','RR/MM/DD'),3);
Insert into ADMIN.TMI_REVIEW_BOARD (RB_NO,RB_P_NO,RB_M_EMAIL,RB_TITLE,RB_CREATED_AT,RB_UPDATED_AT,RB_READ_COUNT) values (70,0,'honggd@naver.com','ㅁㄴㅇ',to_date('22/08/24','RR/MM/DD'),to_date('22/08/25','RR/MM/DD'),1);
Insert into ADMIN.TMI_REVIEW_BOARD (RB_NO,RB_P_NO,RB_M_EMAIL,RB_TITLE,RB_CREATED_AT,RB_UPDATED_AT,RB_READ_COUNT) values (88,472,'ym1234@naver.com','강사님 감사합니다 !',to_date('22/08/25','RR/MM/DD'),to_date('22/08/25','RR/MM/DD'),5);
Insert into ADMIN.TMI_REVIEW_BOARD (RB_NO,RB_P_NO,RB_M_EMAIL,RB_TITLE,RB_CREATED_AT,RB_UPDATED_AT,RB_READ_COUNT) values (72,0,'honggd@naver.com','ㅁㄴㅇ',to_date('22/08/24','RR/MM/DD'),to_date('22/08/24','RR/MM/DD'),3);
Insert into ADMIN.TMI_REVIEW_BOARD (RB_NO,RB_P_NO,RB_M_EMAIL,RB_TITLE,RB_CREATED_AT,RB_UPDATED_AT,RB_READ_COUNT) values (85,0,'ym1234@naver.com','DDP',to_date('22/08/25','RR/MM/DD'),to_date('22/08/25','RR/MM/DD'),0);
Insert into ADMIN.TMI_REVIEW_BOARD (RB_NO,RB_P_NO,RB_M_EMAIL,RB_TITLE,RB_CREATED_AT,RB_UPDATED_AT,RB_READ_COUNT) values (86,467,'ym1234@naver.com','잠실 야구장',to_date('22/08/25','RR/MM/DD'),to_date('22/08/25','RR/MM/DD'),2);
Insert into ADMIN.TMI_REVIEW_BOARD (RB_NO,RB_P_NO,RB_M_EMAIL,RB_TITLE,RB_CREATED_AT,RB_UPDATED_AT,RB_READ_COUNT) values (87,0,'ym1234@naver.com','건축양식',to_date('22/08/25','RR/MM/DD'),to_date('22/08/25','RR/MM/DD'),2);
Insert into ADMIN.TMI_REVIEW_BOARD (RB_NO,RB_P_NO,RB_M_EMAIL,RB_TITLE,RB_CREATED_AT,RB_UPDATED_AT,RB_READ_COUNT) values (71,0,'ym1234@naver.com','gd',to_date('22/08/24','RR/MM/DD'),to_date('22/08/24','RR/MM/DD'),3);
Insert into ADMIN.TMI_REVIEW_BOARD (RB_NO,RB_P_NO,RB_M_EMAIL,RB_TITLE,RB_CREATED_AT,RB_UPDATED_AT,RB_READ_COUNT) values (79,0,'ym1234@naver.com','1월 1일 탑이 멋있던 곳',to_date('22/08/25','RR/MM/DD'),to_date('22/08/25','RR/MM/DD'),0);
Insert into ADMIN.TMI_REVIEW_BOARD (RB_NO,RB_P_NO,RB_M_EMAIL,RB_TITLE,RB_CREATED_AT,RB_UPDATED_AT,RB_READ_COUNT) values (80,0,'ym1234@naver.com','파도가 치는 곳',to_date('22/08/25','RR/MM/DD'),to_date('22/08/25','RR/MM/DD'),0);
Insert into ADMIN.TMI_REVIEW_BOARD (RB_NO,RB_P_NO,RB_M_EMAIL,RB_TITLE,RB_CREATED_AT,RB_UPDATED_AT,RB_READ_COUNT) values (81,0,'ym1234@naver.com','빙수가 맛있는 곳',to_date('22/08/25','RR/MM/DD'),to_date('22/08/25','RR/MM/DD'),0);
Insert into ADMIN.TMI_REVIEW_BOARD (RB_NO,RB_P_NO,RB_M_EMAIL,RB_TITLE,RB_CREATED_AT,RB_UPDATED_AT,RB_READ_COUNT) values (82,0,'ym1234@naver.com','말은 못참지',to_date('22/08/25','RR/MM/DD'),to_date('22/08/25','RR/MM/DD'),4);
REM INSERTING into ADMIN.TMI_REVIEW_BOARD_ATTACHMENT
SET DEFINE OFF;
Insert into ADMIN.TMI_REVIEW_BOARD_ATTACHMENT (RBA_NO,RBA_RB_NO,RBA_ORIGINAL_FILENAME,RBA_RENAMED_FILENAME,RBA_CREATED_AT) values (82,75,'KakaoTalk_20220825_231249161.jpg','20220825_231345825_781.jpg',to_date('22/08/25','RR/MM/DD'));
Insert into ADMIN.TMI_REVIEW_BOARD_ATTACHMENT (RBA_NO,RBA_RB_NO,RBA_ORIGINAL_FILENAME,RBA_RENAMED_FILENAME,RBA_CREATED_AT) values (83,76,'KakaoTalk_20220825_231605235.jpg','20220825_231643703_734.jpg',to_date('22/08/25','RR/MM/DD'));
Insert into ADMIN.TMI_REVIEW_BOARD_ATTACHMENT (RBA_NO,RBA_RB_NO,RBA_ORIGINAL_FILENAME,RBA_RENAMED_FILENAME,RBA_CREATED_AT) values (61,72,'fish.png','20220825_011807557_569.png',to_date('22/08/24','RR/MM/DD'));
REM INSERTING into ADMIN.TMI_REVIEW_BOARD_COMMENT
SET DEFINE OFF;
Insert into ADMIN.TMI_REVIEW_BOARD_COMMENT (RBC_NO,RBC_RB_NO,RBC_M_EMAIL,RBC_CREATED_AT,RBC_CONTENT) values (41,68,'admin@naver.com',to_date('22/08/24','RR/MM/DD'),'asd');
Insert into ADMIN.TMI_REVIEW_BOARD_COMMENT (RBC_NO,RBC_RB_NO,RBC_M_EMAIL,RBC_CREATED_AT,RBC_CONTENT) values (42,68,'admin@naver.com',to_date('22/08/24','RR/MM/DD'),'asdasd');
Insert into ADMIN.TMI_REVIEW_BOARD_COMMENT (RBC_NO,RBC_RB_NO,RBC_M_EMAIL,RBC_CREATED_AT,RBC_CONTENT) values (43,68,'admin@naver.com',to_date('22/08/24','RR/MM/DD'),'asdsd');
REM INSERTING into ADMIN.TMI_REVIEW_BOARD_LOVE
SET DEFINE OFF;
Insert into ADMIN.TMI_REVIEW_BOARD_LOVE (RBL_NO,RBL_RB_NO,RBL_M_EMAIL,RBL_TYPE) values (109,67,'TMI@gmail.com',1);
Insert into ADMIN.TMI_REVIEW_BOARD_LOVE (RBL_NO,RBL_RB_NO,RBL_M_EMAIL,RBL_TYPE) values (115,87,'ys1234@naver.com',1);
Insert into ADMIN.TMI_REVIEW_BOARD_LOVE (RBL_NO,RBL_RB_NO,RBL_M_EMAIL,RBL_TYPE) values (85,66,'ks1234@naver.com',1);
Insert into ADMIN.TMI_REVIEW_BOARD_LOVE (RBL_NO,RBL_RB_NO,RBL_M_EMAIL,RBL_TYPE) values (86,67,'ks1234@naver.com',1);
Insert into ADMIN.TMI_REVIEW_BOARD_LOVE (RBL_NO,RBL_RB_NO,RBL_M_EMAIL,RBL_TYPE) values (87,66,'honggd@naver.com',1);
Insert into ADMIN.TMI_REVIEW_BOARD_LOVE (RBL_NO,RBL_RB_NO,RBL_M_EMAIL,RBL_TYPE) values (88,65,'honggd@naver.com',1);
Insert into ADMIN.TMI_REVIEW_BOARD_LOVE (RBL_NO,RBL_RB_NO,RBL_M_EMAIL,RBL_TYPE) values (89,64,'honggd@naver.com',1);
Insert into ADMIN.TMI_REVIEW_BOARD_LOVE (RBL_NO,RBL_RB_NO,RBL_M_EMAIL,RBL_TYPE) values (90,63,'honggd@naver.com',1);
Insert into ADMIN.TMI_REVIEW_BOARD_LOVE (RBL_NO,RBL_RB_NO,RBL_M_EMAIL,RBL_TYPE) values (91,65,'ks1234@naver.com',1);
Insert into ADMIN.TMI_REVIEW_BOARD_LOVE (RBL_NO,RBL_RB_NO,RBL_M_EMAIL,RBL_TYPE) values (92,64,'ks1234@naver.com',1);
Insert into ADMIN.TMI_REVIEW_BOARD_LOVE (RBL_NO,RBL_RB_NO,RBL_M_EMAIL,RBL_TYPE) values (93,63,'ks1234@naver.com',1);
Insert into ADMIN.TMI_REVIEW_BOARD_LOVE (RBL_NO,RBL_RB_NO,RBL_M_EMAIL,RBL_TYPE) values (94,67,'ym1234@naver.com',1);
Insert into ADMIN.TMI_REVIEW_BOARD_LOVE (RBL_NO,RBL_RB_NO,RBL_M_EMAIL,RBL_TYPE) values (84,67,'honggd@naver.com',1);
Insert into ADMIN.TMI_REVIEW_BOARD_LOVE (RBL_NO,RBL_RB_NO,RBL_M_EMAIL,RBL_TYPE) values (95,66,'ym1234@naver.com',1);
Insert into ADMIN.TMI_REVIEW_BOARD_LOVE (RBL_NO,RBL_RB_NO,RBL_M_EMAIL,RBL_TYPE) values (96,65,'ym1234@naver.com',1);
Insert into ADMIN.TMI_REVIEW_BOARD_LOVE (RBL_NO,RBL_RB_NO,RBL_M_EMAIL,RBL_TYPE) values (97,64,'ym1234@naver.com',1);
Insert into ADMIN.TMI_REVIEW_BOARD_LOVE (RBL_NO,RBL_RB_NO,RBL_M_EMAIL,RBL_TYPE) values (98,63,'ym1234@naver.com',1);
Insert into ADMIN.TMI_REVIEW_BOARD_LOVE (RBL_NO,RBL_RB_NO,RBL_M_EMAIL,RBL_TYPE) values (99,67,'admin@naver.com',1);
Insert into ADMIN.TMI_REVIEW_BOARD_LOVE (RBL_NO,RBL_RB_NO,RBL_M_EMAIL,RBL_TYPE) values (100,66,'admin@naver.com',1);
Insert into ADMIN.TMI_REVIEW_BOARD_LOVE (RBL_NO,RBL_RB_NO,RBL_M_EMAIL,RBL_TYPE) values (101,65,'admin@naver.com',1);
Insert into ADMIN.TMI_REVIEW_BOARD_LOVE (RBL_NO,RBL_RB_NO,RBL_M_EMAIL,RBL_TYPE) values (102,64,'admin@naver.com',1);
Insert into ADMIN.TMI_REVIEW_BOARD_LOVE (RBL_NO,RBL_RB_NO,RBL_M_EMAIL,RBL_TYPE) values (103,63,'admin@naver.com',1);
Insert into ADMIN.TMI_REVIEW_BOARD_LOVE (RBL_NO,RBL_RB_NO,RBL_M_EMAIL,RBL_TYPE) values (104,67,'ys1234@naver.com',1);
Insert into ADMIN.TMI_REVIEW_BOARD_LOVE (RBL_NO,RBL_RB_NO,RBL_M_EMAIL,RBL_TYPE) values (105,66,'ys1234@naver.com',1);
Insert into ADMIN.TMI_REVIEW_BOARD_LOVE (RBL_NO,RBL_RB_NO,RBL_M_EMAIL,RBL_TYPE) values (106,65,'ys1234@naver.com',1);
Insert into ADMIN.TMI_REVIEW_BOARD_LOVE (RBL_NO,RBL_RB_NO,RBL_M_EMAIL,RBL_TYPE) values (107,64,'ys1234@naver.com',1);
Insert into ADMIN.TMI_REVIEW_BOARD_LOVE (RBL_NO,RBL_RB_NO,RBL_M_EMAIL,RBL_TYPE) values (108,63,'ys1234@naver.com',1);
Insert into ADMIN.TMI_REVIEW_BOARD_LOVE (RBL_NO,RBL_RB_NO,RBL_M_EMAIL,RBL_TYPE) values (116,88,'TMI@gmail.com',1);
Insert into ADMIN.TMI_REVIEW_BOARD_LOVE (RBL_NO,RBL_RB_NO,RBL_M_EMAIL,RBL_TYPE) values (117,87,'TMI@gmail.com',1);
Insert into ADMIN.TMI_REVIEW_BOARD_LOVE (RBL_NO,RBL_RB_NO,RBL_M_EMAIL,RBL_TYPE) values (120,76,'TMI@gmail.com',1);
Insert into ADMIN.TMI_REVIEW_BOARD_LOVE (RBL_NO,RBL_RB_NO,RBL_M_EMAIL,RBL_TYPE) values (113,88,'admin@naver.com',1);
Insert into ADMIN.TMI_REVIEW_BOARD_LOVE (RBL_NO,RBL_RB_NO,RBL_M_EMAIL,RBL_TYPE) values (114,76,'admin@naver.com',1);
Insert into ADMIN.TMI_REVIEW_BOARD_LOVE (RBL_NO,RBL_RB_NO,RBL_M_EMAIL,RBL_TYPE) values (118,88,'cat1234@naver.com',1);
Insert into ADMIN.TMI_REVIEW_BOARD_LOVE (RBL_NO,RBL_RB_NO,RBL_M_EMAIL,RBL_TYPE) values (119,76,'cat1234@naver.com',1);
Insert into ADMIN.TMI_REVIEW_BOARD_LOVE (RBL_NO,RBL_RB_NO,RBL_M_EMAIL,RBL_TYPE) values (124,88,'susu@naver.com',1);
Insert into ADMIN.TMI_REVIEW_BOARD_LOVE (RBL_NO,RBL_RB_NO,RBL_M_EMAIL,RBL_TYPE) values (126,82,'susu@naver.com',1);
Insert into ADMIN.TMI_REVIEW_BOARD_LOVE (RBL_NO,RBL_RB_NO,RBL_M_EMAIL,RBL_TYPE) values (127,76,'susu@naver.com',1);
Insert into ADMIN.TMI_REVIEW_BOARD_LOVE (RBL_NO,RBL_RB_NO,RBL_M_EMAIL,RBL_TYPE) values (112,88,'ys1234@naver.com',1);
Insert into ADMIN.TMI_REVIEW_BOARD_LOVE (RBL_NO,RBL_RB_NO,RBL_M_EMAIL,RBL_TYPE) values (121,76,'ys1234@naver.com',1);
Insert into ADMIN.TMI_REVIEW_BOARD_LOVE (RBL_NO,RBL_RB_NO,RBL_M_EMAIL,RBL_TYPE) values (122,88,'munji@naver.com',1);
Insert into ADMIN.TMI_REVIEW_BOARD_LOVE (RBL_NO,RBL_RB_NO,RBL_M_EMAIL,RBL_TYPE) values (123,76,'munji@naver.com',1);
Insert into ADMIN.TMI_REVIEW_BOARD_LOVE (RBL_NO,RBL_RB_NO,RBL_M_EMAIL,RBL_TYPE) values (125,88,'mj1234@naver.com',1);
Insert into ADMIN.TMI_REVIEW_BOARD_LOVE (RBL_NO,RBL_RB_NO,RBL_M_EMAIL,RBL_TYPE) values (128,82,'munji@naver.com',1);
Insert into ADMIN.TMI_REVIEW_BOARD_LOVE (RBL_NO,RBL_RB_NO,RBL_M_EMAIL,RBL_TYPE) values (129,82,'mj1234@naver.com',1);
Insert into ADMIN.TMI_REVIEW_BOARD_LOVE (RBL_NO,RBL_RB_NO,RBL_M_EMAIL,RBL_TYPE) values (130,88,'bsj1234@naver.com',1);
Insert into ADMIN.TMI_REVIEW_BOARD_LOVE (RBL_NO,RBL_RB_NO,RBL_M_EMAIL,RBL_TYPE) values (131,82,'bsj1234@naver.com',1);
Insert into ADMIN.TMI_REVIEW_BOARD_LOVE (RBL_NO,RBL_RB_NO,RBL_M_EMAIL,RBL_TYPE) values (132,76,'mj1234@naver.com',1);
Insert into ADMIN.TMI_REVIEW_BOARD_LOVE (RBL_NO,RBL_RB_NO,RBL_M_EMAIL,RBL_TYPE) values (133,82,'ys1234@naver.com',1);
Insert into ADMIN.TMI_REVIEW_BOARD_LOVE (RBL_NO,RBL_RB_NO,RBL_M_EMAIL,RBL_TYPE) values (134,82,'tan1234@naver.com',1);
Insert into ADMIN.TMI_REVIEW_BOARD_LOVE (RBL_NO,RBL_RB_NO,RBL_M_EMAIL,RBL_TYPE) values (135,82,'danji@naver.com',1);
Insert into ADMIN.TMI_REVIEW_BOARD_LOVE (RBL_NO,RBL_RB_NO,RBL_M_EMAIL,RBL_TYPE) values (136,88,'danji@naver.com',1);
Insert into ADMIN.TMI_REVIEW_BOARD_LOVE (RBL_NO,RBL_RB_NO,RBL_M_EMAIL,RBL_TYPE) values (110,61,'ks1234@naver.com',1);
Insert into ADMIN.TMI_REVIEW_BOARD_LOVE (RBL_NO,RBL_RB_NO,RBL_M_EMAIL,RBL_TYPE) values (111,71,'honggd@naver.com',1);
--------------------------------------------------------
--  DDL for Index PK_CHAT_CONTENT
--------------------------------------------------------

  CREATE UNIQUE INDEX "ADMIN"."PK_CHAT_CONTENT" ON "ADMIN"."TMI_CHAT_CONTENT" ("CONTENT_NO") 
  PCTFREE 10 INITRANS 20 MAXTRANS 255 COMPUTE STATISTICS 
  STORAGE(INITIAL 65536 NEXT 1048576 MINEXTENTS 1 MAXEXTENTS 2147483645
  PCTINCREASE 0 FREELISTS 1 FREELIST GROUPS 1
  BUFFER_POOL DEFAULT FLASH_CACHE DEFAULT CELL_FLASH_CACHE DEFAULT)
  TABLESPACE "DATA" ;
--------------------------------------------------------
--  DDL for Index PK_CHAT_ROOM
--------------------------------------------------------

  CREATE UNIQUE INDEX "ADMIN"."PK_CHAT_ROOM" ON "ADMIN"."TMI_CHAT_ROOM" ("CHATROOM_ID") 
  PCTFREE 10 INITRANS 20 MAXTRANS 255 COMPUTE STATISTICS 
  STORAGE(INITIAL 65536 NEXT 1048576 MINEXTENTS 1 MAXEXTENTS 2147483645
  PCTINCREASE 0 FREELISTS 1 FREELIST GROUPS 1
  BUFFER_POOL DEFAULT FLASH_CACHE DEFAULT CELL_FLASH_CACHE DEFAULT)
  TABLESPACE "DATA" ;
--------------------------------------------------------
--  DDL for Index PK_FBA_NO
--------------------------------------------------------

  CREATE UNIQUE INDEX "ADMIN"."PK_FBA_NO" ON "ADMIN"."TMI_FRIEND_BOARD_ATTACHMENT" ("FBA_NO") 
  PCTFREE 10 INITRANS 20 MAXTRANS 255 COMPUTE STATISTICS 
  STORAGE(INITIAL 65536 NEXT 1048576 MINEXTENTS 1 MAXEXTENTS 2147483645
  PCTINCREASE 0 FREELISTS 1 FREELIST GROUPS 1
  BUFFER_POOL DEFAULT FLASH_CACHE DEFAULT CELL_FLASH_CACHE DEFAULT)
  TABLESPACE "DATA" ;
--------------------------------------------------------
--  DDL for Index PK_FBC_NO
--------------------------------------------------------

  CREATE UNIQUE INDEX "ADMIN"."PK_FBC_NO" ON "ADMIN"."TMI_FRIEND_BOARD_COMMENT" ("FBC_NO") 
  PCTFREE 10 INITRANS 20 MAXTRANS 255 COMPUTE STATISTICS 
  STORAGE(INITIAL 65536 NEXT 1048576 MINEXTENTS 1 MAXEXTENTS 2147483645
  PCTINCREASE 0 FREELISTS 1 FREELIST GROUPS 1
  BUFFER_POOL DEFAULT FLASH_CACHE DEFAULT CELL_FLASH_CACHE DEFAULT)
  TABLESPACE "DATA" ;
--------------------------------------------------------
--  DDL for Index PK_FB_NO
--------------------------------------------------------

  CREATE UNIQUE INDEX "ADMIN"."PK_FB_NO" ON "ADMIN"."TMI_FRIEND_BOARD" ("FB_NO") 
  PCTFREE 10 INITRANS 20 MAXTRANS 255 COMPUTE STATISTICS 
  STORAGE(INITIAL 65536 NEXT 1048576 MINEXTENTS 1 MAXEXTENTS 2147483645
  PCTINCREASE 0 FREELISTS 1 FREELIST GROUPS 1
  BUFFER_POOL DEFAULT FLASH_CACHE DEFAULT CELL_FLASH_CACHE DEFAULT)
  TABLESPACE "DATA" ;
--------------------------------------------------------
--  DDL for Index PK_MR_AUTH
--------------------------------------------------------

  CREATE UNIQUE INDEX "ADMIN"."PK_MR_AUTH" ON "ADMIN"."TMI_MEMBER_ROLE" ("MR_AUTH", "MR_M_EMAIL") 
  PCTFREE 10 INITRANS 20 MAXTRANS 255 COMPUTE STATISTICS 
  STORAGE(INITIAL 65536 NEXT 1048576 MINEXTENTS 1 MAXEXTENTS 2147483645
  PCTINCREASE 0 FREELISTS 1 FREELIST GROUPS 1
  BUFFER_POOL DEFAULT FLASH_CACHE DEFAULT CELL_FLASH_CACHE DEFAULT)
  TABLESPACE "DATA" ;
--------------------------------------------------------
--  DDL for Index PK_M_EMAIL
--------------------------------------------------------

  CREATE UNIQUE INDEX "ADMIN"."PK_M_EMAIL" ON "ADMIN"."TMI_MEMBER" ("M_EMAIL") 
  PCTFREE 10 INITRANS 20 MAXTRANS 255 COMPUTE STATISTICS 
  STORAGE(INITIAL 65536 NEXT 1048576 MINEXTENTS 1 MAXEXTENTS 2147483645
  PCTINCREASE 0 FREELISTS 1 FREELIST GROUPS 1
  BUFFER_POOL DEFAULT FLASH_CACHE DEFAULT CELL_FLASH_CACHE DEFAULT)
  TABLESPACE "DATA" ;
--------------------------------------------------------
--  DDL for Index PK_NBA_NO
--------------------------------------------------------

  CREATE UNIQUE INDEX "ADMIN"."PK_NBA_NO" ON "ADMIN"."TMI_NOTICE_BOARD_ATTACHMENT" ("NBA_NO") 
  PCTFREE 10 INITRANS 20 MAXTRANS 255 COMPUTE STATISTICS 
  STORAGE(INITIAL 65536 NEXT 1048576 MINEXTENTS 1 MAXEXTENTS 2147483645
  PCTINCREASE 0 FREELISTS 1 FREELIST GROUPS 1
  BUFFER_POOL DEFAULT FLASH_CACHE DEFAULT CELL_FLASH_CACHE DEFAULT)
  TABLESPACE "DATA" ;
--------------------------------------------------------
--  DDL for Index PK_NB_NO
--------------------------------------------------------

  CREATE UNIQUE INDEX "ADMIN"."PK_NB_NO" ON "ADMIN"."TMI_NOTICE_BOARD" ("NB_NO") 
  PCTFREE 10 INITRANS 20 MAXTRANS 255 COMPUTE STATISTICS 
  STORAGE(INITIAL 65536 NEXT 1048576 MINEXTENTS 1 MAXEXTENTS 2147483645
  PCTINCREASE 0 FREELISTS 1 FREELIST GROUPS 1
  BUFFER_POOL DEFAULT FLASH_CACHE DEFAULT CELL_FLASH_CACHE DEFAULT)
  TABLESPACE "DATA" ;
--------------------------------------------------------
--  DDL for Index PK_PBC_NO
--------------------------------------------------------

  CREATE UNIQUE INDEX "ADMIN"."PK_PBC_NO" ON "ADMIN"."TMI_PLANNER_BOARD_COMMENT" ("PBC_NO") 
  PCTFREE 10 INITRANS 20 MAXTRANS 255 COMPUTE STATISTICS 
  STORAGE(INITIAL 65536 NEXT 1048576 MINEXTENTS 1 MAXEXTENTS 2147483645
  PCTINCREASE 0 FREELISTS 1 FREELIST GROUPS 1
  BUFFER_POOL DEFAULT FLASH_CACHE DEFAULT CELL_FLASH_CACHE DEFAULT)
  TABLESPACE "DATA" ;
--------------------------------------------------------
--  DDL for Index PK_PBL_LOVE_NO
--------------------------------------------------------

  CREATE UNIQUE INDEX "ADMIN"."PK_PBL_LOVE_NO" ON "ADMIN"."TMI_PLANNER_BOARD_LOVE" ("PBL_NO") 
  PCTFREE 10 INITRANS 20 MAXTRANS 255 COMPUTE STATISTICS 
  STORAGE(INITIAL 65536 NEXT 1048576 MINEXTENTS 1 MAXEXTENTS 2147483645
  PCTINCREASE 0 FREELISTS 1 FREELIST GROUPS 1
  BUFFER_POOL DEFAULT FLASH_CACHE DEFAULT CELL_FLASH_CACHE DEFAULT)
  TABLESPACE "DATA" ;
--------------------------------------------------------
--  DDL for Index PK_PB_NO
--------------------------------------------------------

  CREATE UNIQUE INDEX "ADMIN"."PK_PB_NO" ON "ADMIN"."TMI_PLANNER_BOARD" ("PB_NO") 
  PCTFREE 10 INITRANS 20 MAXTRANS 255 COMPUTE STATISTICS 
  STORAGE(INITIAL 65536 NEXT 1048576 MINEXTENTS 1 MAXEXTENTS 2147483645
  PCTINCREASE 0 FREELISTS 1 FREELIST GROUPS 1
  BUFFER_POOL DEFAULT FLASH_CACHE DEFAULT CELL_FLASH_CACHE DEFAULT)
  TABLESPACE "DATA" ;
--------------------------------------------------------
--  DDL for Index PK_PP_NO
--------------------------------------------------------

  CREATE UNIQUE INDEX "ADMIN"."PK_PP_NO" ON "ADMIN"."TMI_PLANNER_PLAN" ("PP_NO") 
  PCTFREE 10 INITRANS 20 MAXTRANS 255 COMPUTE STATISTICS 
  STORAGE(INITIAL 65536 NEXT 1048576 MINEXTENTS 1 MAXEXTENTS 2147483645
  PCTINCREASE 0 FREELISTS 1 FREELIST GROUPS 1
  BUFFER_POOL DEFAULT FLASH_CACHE DEFAULT CELL_FLASH_CACHE DEFAULT)
  TABLESPACE "DATA" ;
--------------------------------------------------------
--  DDL for Index PK_P_NO
--------------------------------------------------------

  CREATE UNIQUE INDEX "ADMIN"."PK_P_NO" ON "ADMIN"."TMI_PLANNER" ("P_NO") 
  PCTFREE 10 INITRANS 20 MAXTRANS 255 COMPUTE STATISTICS 
  STORAGE(INITIAL 65536 NEXT 1048576 MINEXTENTS 1 MAXEXTENTS 2147483645
  PCTINCREASE 0 FREELISTS 1 FREELIST GROUPS 1
  BUFFER_POOL DEFAULT FLASH_CACHE DEFAULT CELL_FLASH_CACHE DEFAULT)
  TABLESPACE "DATA" ;
--------------------------------------------------------
--  DDL for Index PK_RBA_NO
--------------------------------------------------------

  CREATE UNIQUE INDEX "ADMIN"."PK_RBA_NO" ON "ADMIN"."TMI_REVIEW_BOARD_ATTACHMENT" ("RBA_NO") 
  PCTFREE 10 INITRANS 20 MAXTRANS 255 COMPUTE STATISTICS 
  STORAGE(INITIAL 65536 NEXT 1048576 MINEXTENTS 1 MAXEXTENTS 2147483645
  PCTINCREASE 0 FREELISTS 1 FREELIST GROUPS 1
  BUFFER_POOL DEFAULT FLASH_CACHE DEFAULT CELL_FLASH_CACHE DEFAULT)
  TABLESPACE "DATA" ;
--------------------------------------------------------
--  DDL for Index PK_RBC_NO
--------------------------------------------------------

  CREATE UNIQUE INDEX "ADMIN"."PK_RBC_NO" ON "ADMIN"."TMI_REVIEW_BOARD_COMMENT" ("RBC_NO") 
  PCTFREE 10 INITRANS 20 MAXTRANS 255 COMPUTE STATISTICS 
  STORAGE(INITIAL 65536 NEXT 1048576 MINEXTENTS 1 MAXEXTENTS 2147483645
  PCTINCREASE 0 FREELISTS 1 FREELIST GROUPS 1
  BUFFER_POOL DEFAULT FLASH_CACHE DEFAULT CELL_FLASH_CACHE DEFAULT)
  TABLESPACE "DATA" ;
--------------------------------------------------------
--  DDL for Index PK_RBL_LOVE_NO
--------------------------------------------------------

  CREATE UNIQUE INDEX "ADMIN"."PK_RBL_LOVE_NO" ON "ADMIN"."TMI_REVIEW_BOARD_LOVE" ("RBL_NO") 
  PCTFREE 10 INITRANS 20 MAXTRANS 255 COMPUTE STATISTICS 
  STORAGE(INITIAL 65536 NEXT 1048576 MINEXTENTS 1 MAXEXTENTS 2147483645
  PCTINCREASE 0 FREELISTS 1 FREELIST GROUPS 1
  BUFFER_POOL DEFAULT FLASH_CACHE DEFAULT CELL_FLASH_CACHE DEFAULT)
  TABLESPACE "DATA" ;
--------------------------------------------------------
--  DDL for Index PK_RB_NO
--------------------------------------------------------

  CREATE UNIQUE INDEX "ADMIN"."PK_RB_NO" ON "ADMIN"."TMI_REVIEW_BOARD" ("RB_NO") 
  PCTFREE 10 INITRANS 20 MAXTRANS 255 COMPUTE STATISTICS 
  STORAGE(INITIAL 65536 NEXT 1048576 MINEXTENTS 1 MAXEXTENTS 2147483645
  PCTINCREASE 0 FREELISTS 1 FREELIST GROUPS 1
  BUFFER_POOL DEFAULT FLASH_CACHE DEFAULT CELL_FLASH_CACHE DEFAULT)
  TABLESPACE "DATA" ;
--------------------------------------------------------
--  Constraints for Table TMI_FRIEND_BOARD_ATTACHMENT
--------------------------------------------------------

  ALTER TABLE "ADMIN"."TMI_FRIEND_BOARD_ATTACHMENT" MODIFY ("FBA_ORIGINAL_FILENAME" NOT NULL ENABLE);
  ALTER TABLE "ADMIN"."TMI_FRIEND_BOARD_ATTACHMENT" MODIFY ("FBA_RENAMED_FILENAME" NOT NULL ENABLE);
  ALTER TABLE "ADMIN"."TMI_FRIEND_BOARD_ATTACHMENT" ADD CONSTRAINT "PK_FBA_NO" PRIMARY KEY ("FBA_NO")
  USING INDEX PCTFREE 10 INITRANS 20 MAXTRANS 255 COMPUTE STATISTICS 
  STORAGE(INITIAL 65536 NEXT 1048576 MINEXTENTS 1 MAXEXTENTS 2147483645
  PCTINCREASE 0 FREELISTS 1 FREELIST GROUPS 1
  BUFFER_POOL DEFAULT FLASH_CACHE DEFAULT CELL_FLASH_CACHE DEFAULT)
  TABLESPACE "DATA"  ENABLE;
--------------------------------------------------------
--  Constraints for Table TMI_FRIEND_BOARD_COMMENT
--------------------------------------------------------

  ALTER TABLE "ADMIN"."TMI_FRIEND_BOARD_COMMENT" MODIFY ("FBC_M_EMAIL" NOT NULL ENABLE);
  ALTER TABLE "ADMIN"."TMI_FRIEND_BOARD_COMMENT" ADD CONSTRAINT "PK_FBC_NO" PRIMARY KEY ("FBC_NO")
  USING INDEX PCTFREE 10 INITRANS 20 MAXTRANS 255 COMPUTE STATISTICS 
  STORAGE(INITIAL 65536 NEXT 1048576 MINEXTENTS 1 MAXEXTENTS 2147483645
  PCTINCREASE 0 FREELISTS 1 FREELIST GROUPS 1
  BUFFER_POOL DEFAULT FLASH_CACHE DEFAULT CELL_FLASH_CACHE DEFAULT)
  TABLESPACE "DATA"  ENABLE;
--------------------------------------------------------
--  Constraints for Table TMI_PLANNER_BOARD_COMMENT
--------------------------------------------------------

  ALTER TABLE "ADMIN"."TMI_PLANNER_BOARD_COMMENT" MODIFY ("PBC_M_EMAIL" NOT NULL ENABLE);
  ALTER TABLE "ADMIN"."TMI_PLANNER_BOARD_COMMENT" ADD CONSTRAINT "PK_PBC_NO" PRIMARY KEY ("PBC_NO")
  USING INDEX PCTFREE 10 INITRANS 20 MAXTRANS 255 COMPUTE STATISTICS 
  STORAGE(INITIAL 65536 NEXT 1048576 MINEXTENTS 1 MAXEXTENTS 2147483645
  PCTINCREASE 0 FREELISTS 1 FREELIST GROUPS 1
  BUFFER_POOL DEFAULT FLASH_CACHE DEFAULT CELL_FLASH_CACHE DEFAULT)
  TABLESPACE "DATA"  ENABLE;
--------------------------------------------------------
--  Constraints for Table TMI_PLANNER
--------------------------------------------------------

  ALTER TABLE "ADMIN"."TMI_PLANNER" MODIFY ("P_NO" NOT NULL ENABLE);
  ALTER TABLE "ADMIN"."TMI_PLANNER" MODIFY ("P_M_EMAIL" NOT NULL ENABLE);
  ALTER TABLE "ADMIN"."TMI_PLANNER" MODIFY ("P_TITLE" NOT NULL ENABLE);
  ALTER TABLE "ADMIN"."TMI_PLANNER" MODIFY ("P_LEAVE_DATE" NOT NULL ENABLE);
  ALTER TABLE "ADMIN"."TMI_PLANNER" MODIFY ("P_RETURN_DATE" NOT NULL ENABLE);
  ALTER TABLE "ADMIN"."TMI_PLANNER" ADD CONSTRAINT "PK_P_NO" PRIMARY KEY ("P_NO")
  USING INDEX PCTFREE 10 INITRANS 20 MAXTRANS 255 COMPUTE STATISTICS 
  STORAGE(INITIAL 65536 NEXT 1048576 MINEXTENTS 1 MAXEXTENTS 2147483645
  PCTINCREASE 0 FREELISTS 1 FREELIST GROUPS 1
  BUFFER_POOL DEFAULT FLASH_CACHE DEFAULT CELL_FLASH_CACHE DEFAULT)
  TABLESPACE "DATA"  ENABLE;
--------------------------------------------------------
--  Constraints for Table TMI_FRIEND_BOARD
--------------------------------------------------------

  ALTER TABLE "ADMIN"."TMI_FRIEND_BOARD" MODIFY ("FB_M_EMAIL" NOT NULL ENABLE);
  ALTER TABLE "ADMIN"."TMI_FRIEND_BOARD" ADD CONSTRAINT "PK_FB_NO" PRIMARY KEY ("FB_NO")
  USING INDEX PCTFREE 10 INITRANS 20 MAXTRANS 255 COMPUTE STATISTICS 
  STORAGE(INITIAL 65536 NEXT 1048576 MINEXTENTS 1 MAXEXTENTS 2147483645
  PCTINCREASE 0 FREELISTS 1 FREELIST GROUPS 1
  BUFFER_POOL DEFAULT FLASH_CACHE DEFAULT CELL_FLASH_CACHE DEFAULT)
  TABLESPACE "DATA"  ENABLE;
--------------------------------------------------------
--  Constraints for Table TMI_REVIEW_BOARD
--------------------------------------------------------

  ALTER TABLE "ADMIN"."TMI_REVIEW_BOARD" MODIFY ("RB_M_EMAIL" NOT NULL ENABLE);
  ALTER TABLE "ADMIN"."TMI_REVIEW_BOARD" ADD CONSTRAINT "PK_RB_NO" PRIMARY KEY ("RB_NO")
  USING INDEX PCTFREE 10 INITRANS 20 MAXTRANS 255 COMPUTE STATISTICS 
  STORAGE(INITIAL 65536 NEXT 1048576 MINEXTENTS 1 MAXEXTENTS 2147483645
  PCTINCREASE 0 FREELISTS 1 FREELIST GROUPS 1
  BUFFER_POOL DEFAULT FLASH_CACHE DEFAULT CELL_FLASH_CACHE DEFAULT)
  TABLESPACE "DATA"  ENABLE;
--------------------------------------------------------
--  Constraints for Table PERSISTENT_LOGINS
--------------------------------------------------------

  ALTER TABLE "ADMIN"."PERSISTENT_LOGINS" MODIFY ("USERNAME" NOT NULL ENABLE);
  ALTER TABLE "ADMIN"."PERSISTENT_LOGINS" MODIFY ("TOKEN" NOT NULL ENABLE);
  ALTER TABLE "ADMIN"."PERSISTENT_LOGINS" MODIFY ("LAST_USED" NOT NULL ENABLE);
  ALTER TABLE "ADMIN"."PERSISTENT_LOGINS" ADD PRIMARY KEY ("SERIES")
  USING INDEX PCTFREE 10 INITRANS 20 MAXTRANS 255 COMPUTE STATISTICS 
  STORAGE(INITIAL 65536 NEXT 1048576 MINEXTENTS 1 MAXEXTENTS 2147483645
  PCTINCREASE 0 FREELISTS 1 FREELIST GROUPS 1
  BUFFER_POOL DEFAULT FLASH_CACHE DEFAULT CELL_FLASH_CACHE DEFAULT)
  TABLESPACE "DATA"  ENABLE;
--------------------------------------------------------
--  Constraints for Table TMI_CHAT_CONTENT
--------------------------------------------------------

  ALTER TABLE "ADMIN"."TMI_CHAT_CONTENT" MODIFY ("CONTENT_NO" NOT NULL ENABLE);
  ALTER TABLE "ADMIN"."TMI_CHAT_CONTENT" MODIFY ("CHATROOM_ID" NOT NULL ENABLE);
  ALTER TABLE "ADMIN"."TMI_CHAT_CONTENT" MODIFY ("SEND_EMAIL" NOT NULL ENABLE);
  ALTER TABLE "ADMIN"."TMI_CHAT_CONTENT" MODIFY ("RECEIVE_EMAIL" NOT NULL ENABLE);
  ALTER TABLE "ADMIN"."TMI_CHAT_CONTENT" ADD CONSTRAINT "PK_CHAT_CONTENT" PRIMARY KEY ("CONTENT_NO")
  USING INDEX PCTFREE 10 INITRANS 20 MAXTRANS 255 COMPUTE STATISTICS 
  STORAGE(INITIAL 65536 NEXT 1048576 MINEXTENTS 1 MAXEXTENTS 2147483645
  PCTINCREASE 0 FREELISTS 1 FREELIST GROUPS 1
  BUFFER_POOL DEFAULT FLASH_CACHE DEFAULT CELL_FLASH_CACHE DEFAULT)
  TABLESPACE "DATA"  ENABLE;
--------------------------------------------------------
--  Constraints for Table TMI_PLANNER_BOARD
--------------------------------------------------------

  ALTER TABLE "ADMIN"."TMI_PLANNER_BOARD" MODIFY ("PB_P_NO" NOT NULL ENABLE);
  ALTER TABLE "ADMIN"."TMI_PLANNER_BOARD" MODIFY ("PB_M_EMAIL" NOT NULL ENABLE);
  ALTER TABLE "ADMIN"."TMI_PLANNER_BOARD" ADD CONSTRAINT "PK_PB_NO" PRIMARY KEY ("PB_NO")
  USING INDEX PCTFREE 10 INITRANS 20 MAXTRANS 255 COMPUTE STATISTICS 
  STORAGE(INITIAL 65536 NEXT 1048576 MINEXTENTS 1 MAXEXTENTS 2147483645
  PCTINCREASE 0 FREELISTS 1 FREELIST GROUPS 1
  BUFFER_POOL DEFAULT FLASH_CACHE DEFAULT CELL_FLASH_CACHE DEFAULT)
  TABLESPACE "DATA"  ENABLE;
--------------------------------------------------------
--  Constraints for Table TMI_NOTICE_BOARD_ATTACHMENT
--------------------------------------------------------

  ALTER TABLE "ADMIN"."TMI_NOTICE_BOARD_ATTACHMENT" MODIFY ("NBA_ORIGINAL_FILENAME" NOT NULL ENABLE);
  ALTER TABLE "ADMIN"."TMI_NOTICE_BOARD_ATTACHMENT" MODIFY ("NBA_RENAMED_FILENAME" NOT NULL ENABLE);
  ALTER TABLE "ADMIN"."TMI_NOTICE_BOARD_ATTACHMENT" ADD CONSTRAINT "PK_NBA_NO" PRIMARY KEY ("NBA_NO")
  USING INDEX PCTFREE 10 INITRANS 20 MAXTRANS 255 COMPUTE STATISTICS 
  STORAGE(INITIAL 65536 NEXT 1048576 MINEXTENTS 1 MAXEXTENTS 2147483645
  PCTINCREASE 0 FREELISTS 1 FREELIST GROUPS 1
  BUFFER_POOL DEFAULT FLASH_CACHE DEFAULT CELL_FLASH_CACHE DEFAULT)
  TABLESPACE "DATA"  ENABLE;
--------------------------------------------------------
--  Constraints for Table TMI_MEMBER_ROLE
--------------------------------------------------------

  ALTER TABLE "ADMIN"."TMI_MEMBER_ROLE" MODIFY ("MR_M_EMAIL" NOT NULL ENABLE);
  ALTER TABLE "ADMIN"."TMI_MEMBER_ROLE" ADD CONSTRAINT "PK_MR_AUTH" PRIMARY KEY ("MR_AUTH", "MR_M_EMAIL")
  USING INDEX PCTFREE 10 INITRANS 20 MAXTRANS 255 COMPUTE STATISTICS 
  STORAGE(INITIAL 65536 NEXT 1048576 MINEXTENTS 1 MAXEXTENTS 2147483645
  PCTINCREASE 0 FREELISTS 1 FREELIST GROUPS 1
  BUFFER_POOL DEFAULT FLASH_CACHE DEFAULT CELL_FLASH_CACHE DEFAULT)
  TABLESPACE "DATA"  ENABLE;
--------------------------------------------------------
--  Constraints for Table TMI_REVIEW_BOARD_LOVE
--------------------------------------------------------

  ALTER TABLE "ADMIN"."TMI_REVIEW_BOARD_LOVE" MODIFY ("RBL_NO" NOT NULL ENABLE);
  ALTER TABLE "ADMIN"."TMI_REVIEW_BOARD_LOVE" MODIFY ("RBL_M_EMAIL" NOT NULL ENABLE);
  ALTER TABLE "ADMIN"."TMI_REVIEW_BOARD_LOVE" ADD CONSTRAINT "PK_RBL_LOVE_NO" PRIMARY KEY ("RBL_NO")
  USING INDEX PCTFREE 10 INITRANS 20 MAXTRANS 255 COMPUTE STATISTICS 
  STORAGE(INITIAL 65536 NEXT 1048576 MINEXTENTS 1 MAXEXTENTS 2147483645
  PCTINCREASE 0 FREELISTS 1 FREELIST GROUPS 1
  BUFFER_POOL DEFAULT FLASH_CACHE DEFAULT CELL_FLASH_CACHE DEFAULT)
  TABLESPACE "DATA"  ENABLE;
--------------------------------------------------------
--  Constraints for Table TMI_NOTICE_BOARD
--------------------------------------------------------

  ALTER TABLE "ADMIN"."TMI_NOTICE_BOARD" MODIFY ("NB_M_EMAIL" NOT NULL ENABLE);
  ALTER TABLE "ADMIN"."TMI_NOTICE_BOARD" ADD CONSTRAINT "PK_NB_NO" PRIMARY KEY ("NB_NO")
  USING INDEX PCTFREE 10 INITRANS 20 MAXTRANS 255 COMPUTE STATISTICS 
  STORAGE(INITIAL 65536 NEXT 1048576 MINEXTENTS 1 MAXEXTENTS 2147483645
  PCTINCREASE 0 FREELISTS 1 FREELIST GROUPS 1
  BUFFER_POOL DEFAULT FLASH_CACHE DEFAULT CELL_FLASH_CACHE DEFAULT)
  TABLESPACE "DATA"  ENABLE;
--------------------------------------------------------
--  Constraints for Table TMI_REVIEW_BOARD_ATTACHMENT
--------------------------------------------------------

  ALTER TABLE "ADMIN"."TMI_REVIEW_BOARD_ATTACHMENT" MODIFY ("RBA_ORIGINAL_FILENAME" NOT NULL ENABLE);
  ALTER TABLE "ADMIN"."TMI_REVIEW_BOARD_ATTACHMENT" MODIFY ("RBA_RENAMED_FILENAME" NOT NULL ENABLE);
  ALTER TABLE "ADMIN"."TMI_REVIEW_BOARD_ATTACHMENT" ADD CONSTRAINT "PK_RBA_NO" PRIMARY KEY ("RBA_NO")
  USING INDEX PCTFREE 10 INITRANS 20 MAXTRANS 255 COMPUTE STATISTICS 
  STORAGE(INITIAL 65536 NEXT 1048576 MINEXTENTS 1 MAXEXTENTS 2147483645
  PCTINCREASE 0 FREELISTS 1 FREELIST GROUPS 1
  BUFFER_POOL DEFAULT FLASH_CACHE DEFAULT CELL_FLASH_CACHE DEFAULT)
  TABLESPACE "DATA"  ENABLE;
--------------------------------------------------------
--  Constraints for Table TMI_PLANNER_PLAN
--------------------------------------------------------

  ALTER TABLE "ADMIN"."TMI_PLANNER_PLAN" MODIFY ("PP_NO" NOT NULL ENABLE);
  ALTER TABLE "ADMIN"."TMI_PLANNER_PLAN" MODIFY ("PP_P_NO" NOT NULL ENABLE);
  ALTER TABLE "ADMIN"."TMI_PLANNER_PLAN" MODIFY ("PP_X" NOT NULL ENABLE);
  ALTER TABLE "ADMIN"."TMI_PLANNER_PLAN" MODIFY ("PP_Y" NOT NULL ENABLE);
  ALTER TABLE "ADMIN"."TMI_PLANNER_PLAN" ADD CONSTRAINT "PK_PP_NO" PRIMARY KEY ("PP_NO")
  USING INDEX PCTFREE 10 INITRANS 20 MAXTRANS 255 COMPUTE STATISTICS 
  STORAGE(INITIAL 65536 NEXT 1048576 MINEXTENTS 1 MAXEXTENTS 2147483645
  PCTINCREASE 0 FREELISTS 1 FREELIST GROUPS 1
  BUFFER_POOL DEFAULT FLASH_CACHE DEFAULT CELL_FLASH_CACHE DEFAULT)
  TABLESPACE "DATA"  ENABLE;
--------------------------------------------------------
--  Constraints for Table TMI_CHAT_ROOM
--------------------------------------------------------

  ALTER TABLE "ADMIN"."TMI_CHAT_ROOM" MODIFY ("CHATROOM_ID" NOT NULL ENABLE);
  ALTER TABLE "ADMIN"."TMI_CHAT_ROOM" MODIFY ("SEND_EMAIL" NOT NULL ENABLE);
  ALTER TABLE "ADMIN"."TMI_CHAT_ROOM" MODIFY ("RECEIVE_EMAIL" NOT NULL ENABLE);
  ALTER TABLE "ADMIN"."TMI_CHAT_ROOM" ADD CONSTRAINT "PK_CHAT_ROOM" PRIMARY KEY ("CHATROOM_ID")
  USING INDEX PCTFREE 10 INITRANS 20 MAXTRANS 255 COMPUTE STATISTICS 
  STORAGE(INITIAL 65536 NEXT 1048576 MINEXTENTS 1 MAXEXTENTS 2147483645
  PCTINCREASE 0 FREELISTS 1 FREELIST GROUPS 1
  BUFFER_POOL DEFAULT FLASH_CACHE DEFAULT CELL_FLASH_CACHE DEFAULT)
  TABLESPACE "DATA"  ENABLE;
--------------------------------------------------------
--  Constraints for Table TMI_MEMBER
--------------------------------------------------------

  ALTER TABLE "ADMIN"."TMI_MEMBER" MODIFY ("M_NO" NOT NULL ENABLE);
  ALTER TABLE "ADMIN"."TMI_MEMBER" MODIFY ("M_EMAIL" NOT NULL ENABLE);
  ALTER TABLE "ADMIN"."TMI_MEMBER" MODIFY ("M_NICKNAME" NOT NULL ENABLE);
  ALTER TABLE "ADMIN"."TMI_MEMBER" MODIFY ("M_PASSWORD" NOT NULL ENABLE);
  ALTER TABLE "ADMIN"."TMI_MEMBER" MODIFY ("M_NAME" NOT NULL ENABLE);
  ALTER TABLE "ADMIN"."TMI_MEMBER" MODIFY ("M_PHONE" NOT NULL ENABLE);
  ALTER TABLE "ADMIN"."TMI_MEMBER" ADD CONSTRAINT "PK_M_EMAIL" PRIMARY KEY ("M_EMAIL")
  USING INDEX PCTFREE 10 INITRANS 20 MAXTRANS 255 COMPUTE STATISTICS 
  STORAGE(INITIAL 65536 NEXT 1048576 MINEXTENTS 1 MAXEXTENTS 2147483645
  PCTINCREASE 0 FREELISTS 1 FREELIST GROUPS 1
  BUFFER_POOL DEFAULT FLASH_CACHE DEFAULT CELL_FLASH_CACHE DEFAULT)
  TABLESPACE "DATA"  ENABLE;
--------------------------------------------------------
--  Constraints for Table TMI_PLANNER_BOARD_LOVE
--------------------------------------------------------

  ALTER TABLE "ADMIN"."TMI_PLANNER_BOARD_LOVE" MODIFY ("PBL_NO" NOT NULL ENABLE);
  ALTER TABLE "ADMIN"."TMI_PLANNER_BOARD_LOVE" MODIFY ("PBL_M_EMAIL" NOT NULL ENABLE);
  ALTER TABLE "ADMIN"."TMI_PLANNER_BOARD_LOVE" ADD CONSTRAINT "PK_PBL_LOVE_NO" PRIMARY KEY ("PBL_NO")
  USING INDEX PCTFREE 10 INITRANS 20 MAXTRANS 255 COMPUTE STATISTICS 
  STORAGE(INITIAL 65536 NEXT 1048576 MINEXTENTS 1 MAXEXTENTS 2147483645
  PCTINCREASE 0 FREELISTS 1 FREELIST GROUPS 1
  BUFFER_POOL DEFAULT FLASH_CACHE DEFAULT CELL_FLASH_CACHE DEFAULT)
  TABLESPACE "DATA"  ENABLE;
--------------------------------------------------------
--  Constraints for Table TMI_REVIEW_BOARD_COMMENT
--------------------------------------------------------

  ALTER TABLE "ADMIN"."TMI_REVIEW_BOARD_COMMENT" MODIFY ("RBC_M_EMAIL" NOT NULL ENABLE);
  ALTER TABLE "ADMIN"."TMI_REVIEW_BOARD_COMMENT" ADD CONSTRAINT "PK_RBC_NO" PRIMARY KEY ("RBC_NO")
  USING INDEX PCTFREE 10 INITRANS 20 MAXTRANS 255 COMPUTE STATISTICS 
  STORAGE(INITIAL 65536 NEXT 1048576 MINEXTENTS 1 MAXEXTENTS 2147483645
  PCTINCREASE 0 FREELISTS 1 FREELIST GROUPS 1
  BUFFER_POOL DEFAULT FLASH_CACHE DEFAULT CELL_FLASH_CACHE DEFAULT)
  TABLESPACE "DATA"  ENABLE;
--------------------------------------------------------
--  Ref Constraints for Table TMI_CHAT_CONTENT
--------------------------------------------------------

  ALTER TABLE "ADMIN"."TMI_CHAT_CONTENT" ADD CONSTRAINT "FK_CHAT_CONTENT_CHATROOM_ID" FOREIGN KEY ("CHATROOM_ID")
	  REFERENCES "ADMIN"."TMI_CHAT_ROOM" ("CHATROOM_ID") ON DELETE CASCADE ENABLE;
--------------------------------------------------------
--  Ref Constraints for Table TMI_CHAT_ROOM
--------------------------------------------------------

  ALTER TABLE "ADMIN"."TMI_CHAT_ROOM" ADD CONSTRAINT "FK_CHAT_ROOM_SEND_EMAIL" FOREIGN KEY ("SEND_EMAIL")
	  REFERENCES "ADMIN"."TMI_MEMBER" ("M_EMAIL") ON DELETE CASCADE ENABLE;
  ALTER TABLE "ADMIN"."TMI_CHAT_ROOM" ADD CONSTRAINT "FK_CHAT_ROOM_RECEIVE_EMAIL" FOREIGN KEY ("RECEIVE_EMAIL")
	  REFERENCES "ADMIN"."TMI_MEMBER" ("M_EMAIL") ON DELETE CASCADE ENABLE;
--------------------------------------------------------
--  Ref Constraints for Table TMI_FRIEND_BOARD
--------------------------------------------------------

  ALTER TABLE "ADMIN"."TMI_FRIEND_BOARD" ADD CONSTRAINT "FK_FRIEND_BOARD_P_NO" FOREIGN KEY ("FB_P_NO")
	  REFERENCES "ADMIN"."TMI_PLANNER" ("P_NO") ON DELETE CASCADE ENABLE;
  ALTER TABLE "ADMIN"."TMI_FRIEND_BOARD" ADD CONSTRAINT "FK_FRIEND_BOARD_M_EMAIL" FOREIGN KEY ("FB_M_EMAIL")
	  REFERENCES "ADMIN"."TMI_MEMBER" ("M_EMAIL") ON DELETE CASCADE ENABLE;
--------------------------------------------------------
--  Ref Constraints for Table TMI_FRIEND_BOARD_ATTACHMENT
--------------------------------------------------------

  ALTER TABLE "ADMIN"."TMI_FRIEND_BOARD_ATTACHMENT" ADD CONSTRAINT "FK_FRIEND_BOARD_ATTACHMENT_FB_NO" FOREIGN KEY ("FBA_FB_NO")
	  REFERENCES "ADMIN"."TMI_FRIEND_BOARD" ("FB_NO") ON DELETE CASCADE ENABLE;
--------------------------------------------------------
--  Ref Constraints for Table TMI_FRIEND_BOARD_COMMENT
--------------------------------------------------------

  ALTER TABLE "ADMIN"."TMI_FRIEND_BOARD_COMMENT" ADD CONSTRAINT "FK_PLANNER_FRIEND_COMENT_RB_NO" FOREIGN KEY ("FBC_FB_NO")
	  REFERENCES "ADMIN"."TMI_FRIEND_BOARD" ("FB_NO") ON DELETE CASCADE ENABLE;
  ALTER TABLE "ADMIN"."TMI_FRIEND_BOARD_COMMENT" ADD CONSTRAINT "FK_PLANNER_FRIEND_M_EMAIL" FOREIGN KEY ("FBC_M_EMAIL")
	  REFERENCES "ADMIN"."TMI_MEMBER" ("M_EMAIL") ON DELETE CASCADE ENABLE;
--------------------------------------------------------
--  Ref Constraints for Table TMI_MEMBER_ROLE
--------------------------------------------------------

  ALTER TABLE "ADMIN"."TMI_MEMBER_ROLE" ADD CONSTRAINT "FK_MEMBER_ROLE_M_EMAIL" FOREIGN KEY ("MR_M_EMAIL")
	  REFERENCES "ADMIN"."TMI_MEMBER" ("M_EMAIL") ON DELETE CASCADE ENABLE;
--------------------------------------------------------
--  Ref Constraints for Table TMI_NOTICE_BOARD
--------------------------------------------------------

  ALTER TABLE "ADMIN"."TMI_NOTICE_BOARD" ADD CONSTRAINT "FK_NOTICE_BOARD_M_EMAIL" FOREIGN KEY ("NB_M_EMAIL")
	  REFERENCES "ADMIN"."TMI_MEMBER" ("M_EMAIL") ON DELETE SET NULL ENABLE;
--------------------------------------------------------
--  Ref Constraints for Table TMI_NOTICE_BOARD_ATTACHMENT
--------------------------------------------------------

  ALTER TABLE "ADMIN"."TMI_NOTICE_BOARD_ATTACHMENT" ADD CONSTRAINT "FK_FRIEND_BOARD_ATTACHMENT_NB_NO" FOREIGN KEY ("NBA_NB_NO")
	  REFERENCES "ADMIN"."TMI_NOTICE_BOARD" ("NB_NO") ON DELETE CASCADE ENABLE;
--------------------------------------------------------
--  Ref Constraints for Table TMI_PLANNER
--------------------------------------------------------

  ALTER TABLE "ADMIN"."TMI_PLANNER" ADD CONSTRAINT "FK_PLANNER_M_EMAIL" FOREIGN KEY ("P_M_EMAIL")
	  REFERENCES "ADMIN"."TMI_MEMBER" ("M_EMAIL") ON DELETE CASCADE ENABLE;
--------------------------------------------------------
--  Ref Constraints for Table TMI_PLANNER_BOARD
--------------------------------------------------------

  ALTER TABLE "ADMIN"."TMI_PLANNER_BOARD" ADD CONSTRAINT "FK_PLANNER_BOARD_P_NO" FOREIGN KEY ("PB_P_NO")
	  REFERENCES "ADMIN"."TMI_PLANNER" ("P_NO") ON DELETE CASCADE ENABLE;
  ALTER TABLE "ADMIN"."TMI_PLANNER_BOARD" ADD CONSTRAINT "FK_PLANNER_BOARD_M_EMAIL" FOREIGN KEY ("PB_M_EMAIL")
	  REFERENCES "ADMIN"."TMI_MEMBER" ("M_EMAIL") ON DELETE CASCADE ENABLE;
--------------------------------------------------------
--  Ref Constraints for Table TMI_PLANNER_BOARD_COMMENT
--------------------------------------------------------

  ALTER TABLE "ADMIN"."TMI_PLANNER_BOARD_COMMENT" ADD CONSTRAINT "FK_PLANNER_BOARD_COMMENT_PB_NO" FOREIGN KEY ("PBC_PB_NO")
	  REFERENCES "ADMIN"."TMI_PLANNER_BOARD" ("PB_NO") ON DELETE CASCADE ENABLE;
  ALTER TABLE "ADMIN"."TMI_PLANNER_BOARD_COMMENT" ADD CONSTRAINT "FK_PLANNER_BOARD_COMMENT_M_EMAIL" FOREIGN KEY ("PBC_M_EMAIL")
	  REFERENCES "ADMIN"."TMI_MEMBER" ("M_EMAIL") ON DELETE CASCADE ENABLE;
--------------------------------------------------------
--  Ref Constraints for Table TMI_PLANNER_BOARD_LOVE
--------------------------------------------------------

  ALTER TABLE "ADMIN"."TMI_PLANNER_BOARD_LOVE" ADD CONSTRAINT "FK_PLANNER_BOARD_LOVE_PB_NO" FOREIGN KEY ("PBL_PB_NO")
	  REFERENCES "ADMIN"."TMI_PLANNER_BOARD" ("PB_NO") ON DELETE CASCADE ENABLE;
  ALTER TABLE "ADMIN"."TMI_PLANNER_BOARD_LOVE" ADD CONSTRAINT "FK_PLANNER_BOARD_LOVE_M_EMAIL" FOREIGN KEY ("PBL_M_EMAIL")
	  REFERENCES "ADMIN"."TMI_MEMBER" ("M_EMAIL") ON DELETE CASCADE ENABLE;
--------------------------------------------------------
--  Ref Constraints for Table TMI_PLANNER_PLAN
--------------------------------------------------------

  ALTER TABLE "ADMIN"."TMI_PLANNER_PLAN" ADD CONSTRAINT "FK_PLANNER_PLAN_P_NO" FOREIGN KEY ("PP_P_NO")
	  REFERENCES "ADMIN"."TMI_PLANNER" ("P_NO") ON DELETE CASCADE ENABLE;
--------------------------------------------------------
--  Ref Constraints for Table TMI_REVIEW_BOARD
--------------------------------------------------------

  ALTER TABLE "ADMIN"."TMI_REVIEW_BOARD" ADD CONSTRAINT "FK_REVIEW_BOARD_P_NO" FOREIGN KEY ("RB_P_NO")
	  REFERENCES "ADMIN"."TMI_PLANNER" ("P_NO") ON DELETE CASCADE ENABLE;
  ALTER TABLE "ADMIN"."TMI_REVIEW_BOARD" ADD CONSTRAINT "FK_REVIEW_BOARD_M_EMAIL" FOREIGN KEY ("RB_M_EMAIL")
	  REFERENCES "ADMIN"."TMI_MEMBER" ("M_EMAIL") ON DELETE CASCADE ENABLE;
--------------------------------------------------------
--  Ref Constraints for Table TMI_REVIEW_BOARD_ATTACHMENT
--------------------------------------------------------

  ALTER TABLE "ADMIN"."TMI_REVIEW_BOARD_ATTACHMENT" ADD CONSTRAINT "FK_REVIEW_BOARD_ATTACHMENT_RB_NO" FOREIGN KEY ("RBA_RB_NO")
	  REFERENCES "ADMIN"."TMI_REVIEW_BOARD" ("RB_NO") ON DELETE CASCADE ENABLE;
--------------------------------------------------------
--  Ref Constraints for Table TMI_REVIEW_BOARD_COMMENT
--------------------------------------------------------

  ALTER TABLE "ADMIN"."TMI_REVIEW_BOARD_COMMENT" ADD CONSTRAINT "FK_PLANNER_REVIEW_COMENT_RB_NO" FOREIGN KEY ("RBC_RB_NO")
	  REFERENCES "ADMIN"."TMI_REVIEW_BOARD" ("RB_NO") ON DELETE CASCADE ENABLE;
  ALTER TABLE "ADMIN"."TMI_REVIEW_BOARD_COMMENT" ADD CONSTRAINT "FK_PLANNER_REVIEW_M_EMAIL" FOREIGN KEY ("RBC_M_EMAIL")
	  REFERENCES "ADMIN"."TMI_MEMBER" ("M_EMAIL") ON DELETE CASCADE ENABLE;
--------------------------------------------------------
--  Ref Constraints for Table TMI_REVIEW_BOARD_LOVE
--------------------------------------------------------

  ALTER TABLE "ADMIN"."TMI_REVIEW_BOARD_LOVE" ADD CONSTRAINT "FK_REVIEW_BOARD_LOVE_RB_NO" FOREIGN KEY ("RBL_RB_NO")
	  REFERENCES "ADMIN"."TMI_REVIEW_BOARD" ("RB_NO") ON DELETE CASCADE ENABLE;
  ALTER TABLE "ADMIN"."TMI_REVIEW_BOARD_LOVE" ADD CONSTRAINT "FK_REVIEW_BOARD_LOVE_M_EMAIL" FOREIGN KEY ("RBL_M_EMAIL")
	  REFERENCES "ADMIN"."TMI_MEMBER" ("M_EMAIL") ON DELETE CASCADE ENABLE;
